sort_index,relative_file_path,original_file_url
1,daa/chuongtrinh_daotao/he-chinhquy/khac/chuongtrinhdaotaocu/pdf/CTDT_KHMT_khoa%201.pdf,https://daa.uit.edu.vn/sites/daa/files/files/CTDT_KHMT_khoa%201.pdf
2,daa/chuongtrinh_daotao/he-chinhquy/khac/chuongtrinhdaotaocu/pdf/CTDT_KHMT_khoa-1-ba6fe0ba.pdf,https://daa.uit.edu.vn/sites/daa/files/files/CTDT_KHMT_khoa%201.pdf
3,daa/chuongtrinh_daotao/he-chinhquy/khac/chuongtrinhdaotaocu/pdf/CTDT_KHMT_khoa%202.pdf,https://daa.uit.edu.vn/sites/daa/files/files/CTDT_KHMT_khoa%202.pdf
4,daa/chuongtrinh_daotao/he-chinhquy/khac/chuongtrinhdaotaocu/pdf/CTDT_KHMT_khoa-2-73e698aa.pdf,https://daa.uit.edu.vn/sites/daa/files/files/CTDT_KHMT_khoa%202.pdf
5,daa/chuongtrinh_daotao/he-chinhquy/khac/chuongtrinhdaotaocu/pdf/CTDT_KHMT_khoa%203.pdf,https://daa.uit.edu.vn/sites/daa/files/files/CTDT_KHMT_khoa%203.pdf
6,daa/chuongtrinh_daotao/he-chinhquy/khac/chuongtrinhdaotaocu/pdf/CTDT_KHMT_khoa-3-7dc30753.pdf,https://daa.uit.edu.vn/sites/daa/files/files/CTDT_KHMT_khoa%203.pdf
7,daa/chuongtrinh_daotao/he-chinhquy/khac/chuongtrinhdaotaocu/pdf/CTDT_KHMT_khoa%204.pdf,https://daa.uit.edu.vn/sites/daa/files/files/CTDT_KHMT_khoa%204.pdf
8,daa/chuongtrinh_daotao/he-chinhquy/khac/chuongtrinhdaotaocu/pdf/CTDT_KHMT_khoa-4-81afba3c.pdf,https://daa.uit.edu.vn/sites/daa/files/files/CTDT_KHMT_khoa%204.pdf
9,daa/chuongtrinh_daotao/he-chinhquy/khac/chuongtrinhdaotaocu/pdf/CTDT_CNPM_khoa1.pdf,https://daa.uit.edu.vn/sites/daa/files/files/CTDT_CNPM_khoa1.pdf
10,daa/chuongtrinh_daotao/he-chinhquy/khac/chuongtrinhdaotaocu/pdf/CTDT_CNPM_khoa1-d379fbb0.pdf,https://daa.uit.edu.vn/sites/daa/files/files/CTDT_CNPM_khoa1.pdf
11,daa/chuongtrinh_daotao/he-chinhquy/khac/chuongtrinhdaotaocu/pdf/CTDT_CNPM_khoa2.pdf,https://daa.uit.edu.vn/sites/daa/files/files/CTDT_CNPM_khoa2.pdf
12,daa/chuongtrinh_daotao/he-chinhquy/khac/chuongtrinhdaotaocu/pdf/CTDT_CNPM_khoa2-9227bf0b.pdf,https://daa.uit.edu.vn/sites/daa/files/files/CTDT_CNPM_khoa2.pdf
13,daa/chuongtrinh_daotao/he-chinhquy/khac/chuongtrinhdaotaocu/pdf/CTDT_HTTT_khoa%201.pdf,https://daa.uit.edu.vn/sites/daa/files/files/CTDT_HTTT_khoa%201.pdf
14,daa/chuongtrinh_daotao/he-chinhquy/khac/chuongtrinhdaotaocu/pdf/CTDT_HTTT_khoa-1-da9def41.pdf,https://daa.uit.edu.vn/sites/daa/files/files/CTDT_HTTT_khoa%201.pdf
15,daa/chuongtrinh_daotao/he-chinhquy/khac/chuongtrinhdaotaocu/pdf/CTDT_HTTT_khoa%202.pdf,https://daa.uit.edu.vn/sites/daa/files/files/CTDT_HTTT_khoa%202.pdf
16,daa/chuongtrinh_daotao/he-chinhquy/khac/chuongtrinhdaotaocu/pdf/CTDT_HTTT_khoa-2-4c5a8026.pdf,https://daa.uit.edu.vn/sites/daa/files/files/CTDT_HTTT_khoa%202.pdf
17,daa/chuongtrinh_daotao/he-chinhquy/khac/chuongtrinhdaotaocu/pdf/CTDT_HTTT_khoa%203.pdf,https://daa.uit.edu.vn/sites/daa/files/files/CTDT_HTTT_khoa%203.pdf
18,daa/chuongtrinh_daotao/he-chinhquy/khac/chuongtrinhdaotaocu/pdf/CTDT_HTTT_khoa-3-8eb6d471.pdf,https://daa.uit.edu.vn/sites/daa/files/files/CTDT_HTTT_khoa%203.pdf
19,daa/chuongtrinh_daotao/he-chinhquy/khac/chuongtrinhdaotaocu/pdf/CTDT_HTTT_khoa%204.pdf,https://daa.uit.edu.vn/sites/daa/files/files/CTDT_HTTT_khoa%204.pdf
20,daa/chuongtrinh_daotao/he-chinhquy/khac/chuongtrinhdaotaocu/pdf/CTDT_HTTT_khoa-4-7b63002a.pdf,https://daa.uit.edu.vn/sites/daa/files/files/CTDT_HTTT_khoa%204.pdf
21,daa/chuongtrinh_daotao/he-chinhquy/khac/chuongtrinhdaotaocu/pdf/CTDT_HTTT_khoa%205.pdf,https://daa.uit.edu.vn/sites/daa/files/files/CTDT_HTTT_khoa%205.pdf
22,daa/chuongtrinh_daotao/he-chinhquy/khac/chuongtrinhdaotaocu/pdf/CTDT_HTTT_khoa-5-c8d617b4.pdf,https://daa.uit.edu.vn/sites/daa/files/files/CTDT_HTTT_khoa%205.pdf
23,daa/chuongtrinh_daotao/he-chinhquy/khac/chuongtrinhdaotaocu/pdf/CTDT_KTMT_khoa%201.pdf,https://daa.uit.edu.vn/sites/daa/files/files/CTDT_KTMT_khoa%201.pdf
24,daa/chuongtrinh_daotao/he-chinhquy/khac/chuongtrinhdaotaocu/pdf/CTDT_KTMT_khoa-1-f0101eaa.pdf,https://daa.uit.edu.vn/sites/daa/files/files/CTDT_KTMT_khoa%201.pdf
25,daa/chuongtrinh_daotao/he-chinhquy/khac/chuongtrinhdaotaocu/pdf/CTDT_KTMT_khoa%202.pdf,https://daa.uit.edu.vn/sites/daa/files/files/CTDT_KTMT_khoa%202.pdf
26,daa/chuongtrinh_daotao/he-chinhquy/khac/chuongtrinhdaotaocu/pdf/CTDT_KTMT_khoa-2-a8b25a4b.pdf,https://daa.uit.edu.vn/sites/daa/files/files/CTDT_KTMT_khoa%202.pdf
27,daa/chuongtrinh_daotao/he-chinhquy/khac/chuongtrinhdaotaocu/pdf/CTDT_KTMT_khoa%203.pdf,https://daa.uit.edu.vn/sites/daa/files/files/CTDT_KTMT_khoa%203.pdf
28,daa/chuongtrinh_daotao/he-chinhquy/khac/chuongtrinhdaotaocu/pdf/CTDT_KTMT_khoa-3-f283a935.pdf,https://daa.uit.edu.vn/sites/daa/files/files/CTDT_KTMT_khoa%203.pdf
29,daa/chuongtrinh_daotao/he-chinhquy/khac/chuongtrinhdaotaocu/pdf/CTDT_KTMT_khoa%204.pdf,https://daa.uit.edu.vn/sites/daa/files/files/CTDT_KTMT_khoa%204.pdf
30,daa/chuongtrinh_daotao/he-chinhquy/khac/chuongtrinhdaotaocu/pdf/CTDT_KTMT_khoa-4-9d98aff9.pdf,https://daa.uit.edu.vn/sites/daa/files/files/CTDT_KTMT_khoa%204.pdf
31,daa/chuongtrinh_daotao/he-chinhquy/khac/chuongtrinhdaotaocu/pdf/CTDT_KTMT_khoa%205.pdf,https://daa.uit.edu.vn/sites/daa/files/files/CTDT_KTMT_khoa%205.pdf
32,daa/chuongtrinh_daotao/he-chinhquy/khac/chuongtrinhdaotaocu/pdf/CTDT_KTMT_khoa-5-703230b6.pdf,https://daa.uit.edu.vn/sites/daa/files/files/CTDT_KTMT_khoa%205.pdf
33,daa/chuongtrinh_daotao/he-chinhquy/khac/chuongtrinhdaotaocu/pdf/CTDT_MMT_khoa%201.pdf,https://daa.uit.edu.vn/sites/daa/files/files/CTDT_MMT_khoa%201.pdf
34,daa/chuongtrinh_daotao/he-chinhquy/khac/chuongtrinhdaotaocu/pdf/CTDT_MMT_khoa-1-09fe0bb1.pdf,https://daa.uit.edu.vn/sites/daa/files/files/CTDT_MMT_khoa%201.pdf
35,daa/chuongtrinh_daotao/he-chinhquy/khac/chuongtrinhdaotaocu/pdf/CTDT_MMT_khoa%202.pdf,https://daa.uit.edu.vn/sites/daa/files/files/CTDT_MMT_khoa%202.pdf
36,daa/chuongtrinh_daotao/he-chinhquy/khac/chuongtrinhdaotaocu/pdf/CTDT_MMT_khoa-2-e285d7dd.pdf,https://daa.uit.edu.vn/sites/daa/files/files/CTDT_MMT_khoa%202.pdf
37,daa/chuongtrinh_daotao/he-chinhquy/khac/chuongtrinhdaotaocu/pdf/CTDT_CUNHANTAINANG_khoa%201.pdf,https://daa.uit.edu.vn/sites/daa/files/files/CTDT_CUNHANTAINANG_khoa%201.pdf
38,daa/chuongtrinh_daotao/he-chinhquy/khac/chuongtrinhdaotaocu/pdf/CTDT_CUNHANTAINANG_khoa-1-400d66c6.pdf,https://daa.uit.edu.vn/sites/daa/files/files/CTDT_CUNHANTAINANG_khoa%201.pdf
39,daa/chuongtrinh_daotao/he-chinhquy/khac/chuongtrinhdaotaocu/pdf/CTDT_CUNHANTAINANG_khoa%202.pdf,https://daa.uit.edu.vn/sites/daa/files/files/CTDT_CUNHANTAINANG_khoa%202.pdf
40,daa/chuongtrinh_daotao/he-chinhquy/khac/chuongtrinhdaotaocu/pdf/CTDT_CUNHANTAINANG_khoa-2-2e3f57bc.pdf,https://daa.uit.edu.vn/sites/daa/files/files/CTDT_CUNHANTAINANG_khoa%202.pdf
41,daa/chuongtrinh_daotao/he-chinhquy/khac/chuongtrinhdaotaocu/pdf/CTDT_CUNHANTAINANG_khoa%203.pdf,https://daa.uit.edu.vn/sites/daa/files/files/CTDT_CUNHANTAINANG_khoa%203.pdf
42,daa/chuongtrinh_daotao/he-chinhquy/khac/chuongtrinhdaotaocu/pdf/CTDT_CUNHANTAINANG_khoa-3-403d6b20.pdf,https://daa.uit.edu.vn/sites/daa/files/files/CTDT_CUNHANTAINANG_khoa%203.pdf
43,daa/chuongtrinh_daotao/he-chinhquy/khac/chuongtrinhdaotaocu/pdf/CTDT_CUNHANTAINANG_khoa%204.pdf,https://daa.uit.edu.vn/sites/daa/files/files/CTDT_CUNHANTAINANG_khoa%204.pdf
44,daa/chuongtrinh_daotao/he-chinhquy/khac/chuongtrinhdaotaocu/pdf/CTDT_CUNHANTAINANG_khoa-4-cf6d4c8c.pdf,https://daa.uit.edu.vn/sites/daa/files/files/CTDT_CUNHANTAINANG_khoa%204.pdf
45,daa/thongbao/thongbao-chinhquy/pdf/Luu%20y%20sinh%20vien%20tham%20gia%20le.pdf,https://daa.uit.edu.vn/sites/daa/files/files/Luu%20y%20sinh%20vien%20tham%20gia%20le.pdf
46,daa/thongbao/thongbao-chinhquy/pdf/Thong%20Bao%20Le%20Tot%20Nghiep%20Dot%201%20-%202012.pdf,https://daa.uit.edu.vn/sites/daa/files/files/Thong%20Bao%20Le%20Tot%20Nghiep%20Dot%201%20-%202012.pdf
47,daa/thongbao/thongbao-chinhquy/pdf/DANH_SACH_SV_NOP_TIEN_BHYT-BHTN_DOT_2.pdf,https://daa.uit.edu.vn/sites/daa/files/files/DANH_SACH_SV_NOP_TIEN_BHYT-BHTN_DOT_2.pdf
48,daa/quydinh_huongdan/qui-che-qui-dinh-qui-trinh/14-qui-dinh-cach-dat-ma-mon-hoc/37-dtdh_19-11-2012_qui_dinh_cach_dat_ma_mon_hoc-e8724ea9.pdf,https://daa.uit.edu.vn/sites/daa/files/202309/37-dtdh_19-11-2012_qui_dinh_cach_dat_ma_mon_hoc.pdf
49,daa/quydinh_huongdan/qui-che-qui-dinh-qui-trinh/14-qui-dinh-cach-dat-ma-mon-hoc/37-dtdh_19-11-2012_qui_dinh_cach_dat_ma_mon_hoc.pdf,https://daa.uit.edu.vn/sites/daa/files/202309/37-dtdh_19-11-2012_qui_dinh_cach_dat_ma_mon_hoc.pdf
50,daa/quydinh_huongdan/qui-che-qui-dinh-qui-trinh/08-quyet-dinh-ve-viec-ban-hanh-quy-trinh-bao-nghi-day-day-bu/35-qd-dhcntt-dtdh_28-02-2013_quyet_dinh_ve_viec_ban_hanh_quy_trinh_bao_nghi_day_day_bu.pdf,https://daa.uit.edu.vn/sites/daa/files/202309/35-qd-dhcntt-dtdh_28-02-2013_quyet_dinh_ve_viec_ban_hanh_quy_trinh_bao_nghi_day_day_bu.pdf
51,daa/quydinh_huongdan/huong-dan-chuan-qua-trinh/pdf/147-qd-dhcntt-dtdh_31-07-2013_quyet_dinh_ve_viec_ban_hanh_chuan_dau_ra_tieng_anh_ch-9216880f.pdf,https://daa.uit.edu.vn/sites/daa/files/202310/147-qd-dhcntt-dtdh_31-07-2013_quyet_dinh_ve_viec_ban_hanh_chuan_dau_ra_tieng_anh_cho_sv_he_cq_2006-2014_0_0.pdf
52,daa/quydinh_huongdan/huong-dan-chuan-qua-trinh/pdf/147-qd-dhcntt-dtdh_31-07-2013_quyet_dinh_ve_viec_ban_hanh_chuan_dau_ra_tieng_anh_cho_sv_he_cq_2006-2014_0_0.pdf,https://daa.uit.edu.vn/sites/daa/files/202310/147-qd-dhcntt-dtdh_31-07-2013_quyet_dinh_ve_viec_ban_hanh_chuan_dau_ra_tieng_anh_cho_sv_he_cq_2006-2014_0_0.pdf
53,daa/quydinh_huongdan/qui-che-qui-dinh-qui-trinh/05-quy-dinh-dao-tao-ngoai-ngu-doi-voi-he-d-7673d143/147-qd-dhcntt-dtdh_31-07-2013_quyet_dinh_ve_viec_ban_hanh_chuan_dau_ra_tieng_anh_ch-9216880f.pdf,https://daa.uit.edu.vn/sites/daa/files/202310/147-qd-dhcntt-dtdh_31-07-2013_quyet_dinh_ve_viec_ban_hanh_chuan_dau_ra_tieng_anh_cho_sv_he_cq_2006-2014_0_0.pdf
54,daa/quydinh_huongdan/qui-che-qui-dinh-qui-trinh/05-quy-dinh-dao-tao-ngoai-ngu-doi-voi-he-dai-hoc-chinh-quy-cua-truong-dhcntt/147-qd-dhcntt-dtdh_31-07-2013_quyet_dinh_ve_viec_ban_hanh_chuan_dau_ra_tieng_anh_cho_sv_he_cq_2006-2014_0_0.pdf,https://daa.uit.edu.vn/sites/daa/files/202310/147-qd-dhcntt-dtdh_31-07-2013_quyet_dinh_ve_viec_ban_hanh_chuan_dau_ra_tieng_anh_cho_sv_he_cq_2006-2014_0_0.pdf
55,daa/chuongtrinh_daotao/he-chinhquy/dean/4-thi-iem-lien-truong-nganh-cong-nghe-nong-nghiep-so-trinh-o-ai-hoc-cong-thong-tin-ao-tao/pdf/qd777_250623_phe_duyet_nganh_cnnns.signed.pdf,https://daa.uit.edu.vn/sites/daa/files/202506/qd777_250623_phe_duyet_nganh_cnnns.signed.pdf
56,daa/khac/chua-phan-loai/pdf/qd1681_231130_phe_duyet_song_nganh_tmdt_dh_cntt.pdf,https://daa.uit.edu.vn/sites/daa/files/202412/qd1681_231130_phe_duyet_song_nganh_tmdt_dh_cntt.pdf
57,daa/chuongtrinh_daotao/he-chinhquy/dean/9-thiet-ke-vi-mach-cong-thong-tin-ao-tao/pdf/qd399_240426_quyet_dinh_mo_nganh_thiet_ke_vi_mach.pdf,https://daa.uit.edu.vn/sites/daa/files/202412/qd399_240426_quyet_dinh_mo_nganh_thiet_ke_vi_mach.pdf
58,daa/quydinh_huongdan/quyche-dhqg-hcm/pdf/qd1537_241029_quy_dinh_dao_tao_va_cong_nhan_tin_chi_khoa_hoc_mooc-signed-b3ae2e2b.pdf,https://daa.uit.edu.vn/sites/daa/files/202410/qd1537_241029_quy_dinh_dao_tao_va_cong_nhan_tin_chi_khoa_hoc_mooc.signed.pdf
59,daa/quydinh_huongdan/quyche-dhqg-hcm/pdf/qd1537_241029_quy_dinh_dao_tao_va_cong_nhan_tin_chi_khoa_hoc_mooc.signed.pdf,https://daa.uit.edu.vn/sites/daa/files/202410/qd1537_241029_quy_dinh_dao_tao_va_cong_nhan_tin_chi_khoa_hoc_mooc.signed.pdf
60,daa/quydinh_huongdan/quyche-dhqg-hcm/pdf/qd2003_251017_quy_dinh_thi_diem_dao_tao_lien_truong_cap_nhat-signed-99057e61.pdf,https://daa.uit.edu.vn/sites/daa/files/202510/qd2003_251017_quy_dinh_thi_diem_dao_tao_lien_truong_cap_nhat.signed.pdf
61,daa/quydinh_huongdan/quyche-dhqg-hcm/pdf/qd2003_251017_quy_dinh_thi_diem_dao_tao_lien_truong_cap_nhat.signed.pdf,https://daa.uit.edu.vn/sites/daa/files/202510/qd2003_251017_quy_dinh_thi_diem_dao_tao_lien_truong_cap_nhat.signed.pdf
62,daa/quydinh_huongdan/huong-dan-chuan-qua-trinh/pdf/125-qd-dhcntt-dtdh_18-09-2015_quyet_dinh_ban_hanh_qui_dinh_tam_thoi_day_va_hoc_tien-54269968.pdf,https://daa.uit.edu.vn/sites/daa/files/202310/125-qd-dhcntt-dtdh_18-09-2015_quyet_dinh_ban_hanh_qui_dinh_tam_thoi_day_va_hoc_tieng_anh_khoa_2015_0.pdf
63,daa/quydinh_huongdan/huong-dan-chuan-qua-trinh/pdf/125-qd-dhcntt-dtdh_18-09-2015_quyet_dinh_ban_hanh_qui_dinh_tam_thoi_day_va_hoc_tieng_anh_khoa_2015_0.pdf,https://daa.uit.edu.vn/sites/daa/files/202310/125-qd-dhcntt-dtdh_18-09-2015_quyet_dinh_ban_hanh_qui_dinh_tam_thoi_day_va_hoc_tieng_anh_khoa_2015_0.pdf
64,daa/quydinh_huongdan/qui-che-qui-dinh-qui-trinh/05-quy-dinh-dao-tao-ngoai-ngu-doi-voi-he-d-7673d143/125-qd-dhcntt-dtdh_18-09-2015_quyet_dinh_ban_hanh_qui_dinh_tam_thoi_day_va_hoc_tien-54269968.pdf,https://daa.uit.edu.vn/sites/daa/files/202310/125-qd-dhcntt-dtdh_18-09-2015_quyet_dinh_ban_hanh_qui_dinh_tam_thoi_day_va_hoc_tieng_anh_khoa_2015_0.pdf
65,daa/quydinh_huongdan/qui-che-qui-dinh-qui-trinh/05-quy-dinh-dao-tao-ngoai-ngu-doi-voi-he-dai-hoc-chinh-quy-cua-truong-dhcntt/125-qd-dhcntt-dtdh_18-09-2015_quyet_dinh_ban_hanh_qui_dinh_tam_thoi_day_va_hoc_tieng_anh_khoa_2015_0.pdf,https://daa.uit.edu.vn/sites/daa/files/202310/125-qd-dhcntt-dtdh_18-09-2015_quyet_dinh_ban_hanh_qui_dinh_tam_thoi_day_va_hoc_tieng_anh_khoa_2015_0.pdf
66,daa/quydinh_huongdan/quyche-dhqg-hcm/pdf/1476_qd_dhqg_27-1-120_phe_duyet_ctmh_giao_duc_the_chat-23c89902.pdf,https://daa.uit.edu.vn/sites/daa/files/202310/1476_qd_dhqg_27-1-120_phe_duyet_ctmh_giao_duc_the_chat.pdf
67,daa/quydinh_huongdan/quyche-dhqg-hcm/pdf/1476_qd_dhqg_27-1-120_phe_duyet_ctmh_giao_duc_the_chat.pdf,https://daa.uit.edu.vn/sites/daa/files/202310/1476_qd_dhqg_27-1-120_phe_duyet_ctmh_giao_duc_the_chat.pdf
68,daa/quydinh_huongdan/huong-dan-chuan-qua-trinh/pdf/128-qd-dhcntt-dtdh_30-8-2016_ban_hanh_qd_day_va_hoc_nn_doi_voi_he_dai_hoc_cq_cua_tr-b7925fae.pdf,https://daa.uit.edu.vn/sites/daa/files/202310/128-qd-dhcntt-dtdh_30-8-2016_ban_hanh_qd_day_va_hoc_nn_doi_voi_he_dai_hoc_cq_cua_truong_dhcntt_khoa_2016.pdf
69,daa/quydinh_huongdan/huong-dan-chuan-qua-trinh/pdf/128-qd-dhcntt-dtdh_30-8-2016_ban_hanh_qd_day_va_hoc_nn_doi_voi_he_dai_hoc_cq_cua_truong_dhcntt_khoa_2016.pdf,https://daa.uit.edu.vn/sites/daa/files/202310/128-qd-dhcntt-dtdh_30-8-2016_ban_hanh_qd_day_va_hoc_nn_doi_voi_he_dai_hoc_cq_cua_truong_dhcntt_khoa_2016.pdf
70,daa/quydinh_huongdan/qui-che-qui-dinh-qui-trinh/05-quy-dinh-dao-tao-ngoai-ngu-doi-voi-he-d-7673d143/128-qd-dhcntt-dtdh_30-8-2016_ban_hanh_qd_day_va_hoc_nn_doi_voi_he_dai_hoc_cq_cua_tr-b7925fae.pdf,https://daa.uit.edu.vn/sites/daa/files/202310/128-qd-dhcntt-dtdh_30-8-2016_ban_hanh_qd_day_va_hoc_nn_doi_voi_he_dai_hoc_cq_cua_truong_dhcntt_khoa_2016.pdf
71,daa/quydinh_huongdan/qui-che-qui-dinh-qui-trinh/05-quy-dinh-dao-tao-ngoai-ngu-doi-voi-he-dai-hoc-chinh-quy-cua-truong-dhcntt/128-qd-dhcntt-dtdh_30-8-2016_ban_hanh_qd_day_va_hoc_nn_doi_voi_he_dai_hoc_cq_cua_truong_dhcntt_khoa_2016.pdf,https://daa.uit.edu.vn/sites/daa/files/202310/128-qd-dhcntt-dtdh_30-8-2016_ban_hanh_qd_day_va_hoc_nn_doi_voi_he_dai_hoc_cq_cua_truong_dhcntt_khoa_2016.pdf
72,daa/quydinh_huongdan/huong-dan-chuan-qua-trinh/pdf/03-tb-dhcntt_17-1-2017-f52894f9.pdf,https://daa.uit.edu.vn/sites/daa/files/201701/03-tb-dhcntt_17-1-2017.pdf
73,daa/quydinh_huongdan/huong-dan-chuan-qua-trinh/pdf/03-tb-dhcntt_17-1-2017.pdf,https://daa.uit.edu.vn/sites/daa/files/201701/03-tb-dhcntt_17-1-2017.pdf
74,daa/chuongtrinh_daotao/he-chinhquy/dean/7-thuong-mai-ien-tu-cong-thong-tin-ao-tao/pdf/15-qd-dhqg08-01-2018_scan.pdf,https://daa.uit.edu.vn/sites/daa/files/202412/15-qd-dhqg08-01-2018_scan.pdf
75,daa/chuongtrinh_daotao/he-chinhquy/dean/7-thuong-mai-ien-tu-cong-thong-tin-ao-tao/pdf/de_an_mo_nganh_thuong_mai_dien_tu.pdf,https://daa.uit.edu.vn/sites/daa/files/202412/de_an_mo_nganh_thuong_mai_dien_tu.pdf
76,daa/quydinh_huongdan/quyche-dhqg-hcm/pdf/170_qd_dhqg_27_02_2018_cong_nhan_chung_chi_ngoai_ngu-623c2715.pdf,https://daa.uit.edu.vn/sites/daa/files/202310/170_qd_dhqg_27_02_2018_cong_nhan_chung_chi_ngoai_ngu.pdf
77,daa/quydinh_huongdan/quyche-dhqg-hcm/pdf/170_qd_dhqg_27_02_2018_cong_nhan_chung_chi_ngoai_ngu.pdf,https://daa.uit.edu.vn/sites/daa/files/202310/170_qd_dhqg_27_02_2018_cong_nhan_chung_chi_ngoai_ngu.pdf
78,daa/quydinh_huongdan/huong-dan-chuan-qua-trinh/pdf/141-qd-dhcntt16-3-2018quy_dinh_dao_tao_ngoai_ngu_doi_voi_he_dh_chinh_quy_cua_truong-ed160e55.pdf,https://daa.uit.edu.vn/sites/daa/files/202310/141-qd-dhcntt16-3-2018quy_dinh_dao_tao_ngoai_ngu_doi_voi_he_dh_chinh_quy_cua_truong_dhcntt_ap_dung_tu_khoa_2017_0.pdf
79,daa/quydinh_huongdan/huong-dan-chuan-qua-trinh/pdf/141-qd-dhcntt16-3-2018quy_dinh_dao_tao_ngoai_ngu_doi_voi_he_dh_chinh_quy_cua_truong_dhcntt_ap_dung_tu_khoa_2017_0.pdf,https://daa.uit.edu.vn/sites/daa/files/202310/141-qd-dhcntt16-3-2018quy_dinh_dao_tao_ngoai_ngu_doi_voi_he_dh_chinh_quy_cua_truong_dhcntt_ap_dung_tu_khoa_2017_0.pdf
80,daa/quydinh_huongdan/qui-che-qui-dinh-qui-trinh/05-quy-dinh-dao-tao-ngoai-ngu-doi-voi-he-d-7673d143/141-qd-dhcntt16-3-2018quy_dinh_dao_tao_ngoai_ngu_doi_voi_he_dh_chinh_quy_cua_truong-ed160e55.pdf,https://daa.uit.edu.vn/sites/daa/files/202310/141-qd-dhcntt16-3-2018quy_dinh_dao_tao_ngoai_ngu_doi_voi_he_dh_chinh_quy_cua_truong_dhcntt_ap_dung_tu_khoa_2017_0.pdf
81,daa/quydinh_huongdan/qui-che-qui-dinh-qui-trinh/05-quy-dinh-dao-tao-ngoai-ngu-doi-voi-he-dai-hoc-chinh-quy-cua-truong-dhcntt/141-qd-dhcntt16-3-2018quy_dinh_dao_tao_ngoai_ngu_doi_voi_he_dh_chinh_quy_cua_truong_dhcntt_ap_dung_tu_khoa_2017_0.pdf,https://daa.uit.edu.vn/sites/daa/files/202310/141-qd-dhcntt16-3-2018quy_dinh_dao_tao_ngoai_ngu_doi_voi_he_dh_chinh_quy_cua_truong_dhcntt_ap_dung_tu_khoa_2017_0.pdf
82,daa/quydinh_huongdan/qui-che-qui-dinh-qui-trinh/10-quyet-dinh-ve-viec-ban-hanh-quy-trinh-d-a07fd02e/185-qd-dhcntt_30-3-2018_quyet_dinh_ve_viec_ban_hanh_quy_trinh_danh_gia_cap_nhat_ctd-270fa22e.pdf,https://daa.uit.edu.vn/sites/daa/files/202309/185-qd-dhcntt_30-3-2018_quyet_dinh_ve_viec_ban_hanh_quy_trinh_danh_gia_cap_nhat_ctdt_trinh_do_dhsdh.pdf
83,daa/quydinh_huongdan/qui-che-qui-dinh-qui-trinh/10-quyet-dinh-ve-viec-ban-hanh-quy-trinh-danh-gia-cap-nhat-ctdt-trinh-do-dhsdh/185-qd-dhcntt_30-3-2018_quyet_dinh_ve_viec_ban_hanh_quy_trinh_danh_gia_cap_nhat_ctdt_trinh_do_dhsdh.pdf,https://daa.uit.edu.vn/sites/daa/files/202309/185-qd-dhcntt_30-3-2018_quyet_dinh_ve_viec_ban_hanh_quy_trinh_danh_gia_cap_nhat_ctdt_trinh_do_dhsdh.pdf
84,daa/chuongtrinh_daotao/dean/6-khoa-hoc-du-lieu-cong-thong-tin-dao-tao/pdf/540-qd-dhcntt_5-9-2018_scan-6d8b546f.pdf,https://daa.uit.edu.vn/sites/daa/files/202412/540-qd-dhcntt_5-9-2018_scan.pdf
85,daa/chuongtrinh_daotao/he-chinhquy/dean/6-khoa-hoc-du-lieu-cong-thong-tin-ao-tao/pdf/540-qd-dhcntt_5-9-2018_scan.pdf,https://daa.uit.edu.vn/sites/daa/files/202412/540-qd-dhcntt_5-9-2018_scan.pdf
86,daa/chuongtrinh_daotao/dean/6-khoa-hoc-du-lieu-cong-thong-tin-dao-tao/pdf/de_an_mo_nganh_khoa_hoc_du_lieu-aa90e343.pdf,https://daa.uit.edu.vn/sites/daa/files/202412/de_an_mo_nganh_khoa_hoc_du_lieu.pdf
87,daa/chuongtrinh_daotao/he-chinhquy/dean/6-khoa-hoc-du-lieu-cong-thong-tin-ao-tao/pdf/de_an_mo_nganh_khoa_hoc_du_lieu.pdf,https://daa.uit.edu.vn/sites/daa/files/202412/de_an_mo_nganh_khoa_hoc_du_lieu.pdf
88,daa/chuongtrinh_daotao/he-chinhquy/danh-muc-mon-hoc/pdf/53_qd_dhcntt_19_2_2019scan-8b45fc45.pdf,https://daa.uit.edu.vn/sites/daa/files/uploads/53_qd_dhcntt_19_2_2019scan.pdf
89,daa/quydinh_huongdan/qui-che-qui-dinh-qui-trinh/02-quyet-dinh-ve-viec-ban-hanh-qui-dinh-ve-8c8ae222/53_qd_dhcntt_19_2_2019_quy_che_cong_tac_giao_trinh-b5954a88.pdf,https://daa.uit.edu.vn/sites/daa/files/202310/53_qd_dhcntt_19_2_2019_quy_che_cong_tac_giao_trinh.pdf
90,daa/quydinh_huongdan/qui-che-qui-dinh-qui-trinh/02-quyet-dinh-ve-viec-ban-hanh-qui-dinh-ve-cong-tac-giao-trinh/53_qd_dhcntt_19_2_2019_quy_che_cong_tac_giao_trinh.pdf,https://daa.uit.edu.vn/sites/daa/files/202310/53_qd_dhcntt_19_2_2019_quy_che_cong_tac_giao_trinh.pdf
91,daa/quydinh_huongdan/quy-dinh-giao-trinh/pdf/53_qd_dhcntt_19_2_2019scan-8b45fc45.pdf,https://daa.uit.edu.vn/sites/daa/files/uploads/53_qd_dhcntt_19_2_2019scan.pdf
92,daa/quydinh_huongdan/huong-dan-chuan-qua-trinh/pdf/108-qd-dhcntt15-3-2019_sua_doi_bo_sung_quy_dinh_dao_tao_ngoai_ngu_doi_voi_he_dh_chi-47ef8e96.pdf,https://daa.uit.edu.vn/sites/daa/files/202310/108-qd-dhcntt15-3-2019_sua_doi_bo_sung_quy_dinh_dao_tao_ngoai_ngu_doi_voi_he_dh_chinh_quy_qui_dinh_141_0.pdf
93,daa/quydinh_huongdan/huong-dan-chuan-qua-trinh/pdf/108-qd-dhcntt15-3-2019_sua_doi_bo_sung_quy_dinh_dao_tao_ngoai_ngu_doi_voi_he_dh_chinh_quy_qui_dinh_141_0.pdf,https://daa.uit.edu.vn/sites/daa/files/202310/108-qd-dhcntt15-3-2019_sua_doi_bo_sung_quy_dinh_dao_tao_ngoai_ngu_doi_voi_he_dh_chinh_quy_qui_dinh_141_0.pdf
94,daa/quydinh_huongdan/qui-che-qui-dinh-qui-trinh/05-quy-dinh-dao-tao-ngoai-ngu-doi-voi-he-d-7673d143/108-qd-dhcntt15-3-2019_sua_doi_bo_sung_quy_dinh_dao_tao_ngoai_ngu_doi_voi_he_dh_chi-47ef8e96.pdf,https://daa.uit.edu.vn/sites/daa/files/202310/108-qd-dhcntt15-3-2019_sua_doi_bo_sung_quy_dinh_dao_tao_ngoai_ngu_doi_voi_he_dh_chinh_quy_qui_dinh_141_0.pdf
95,daa/quydinh_huongdan/qui-che-qui-dinh-qui-trinh/05-quy-dinh-dao-tao-ngoai-ngu-doi-voi-he-dai-hoc-chinh-quy-cua-truong-dhcntt/108-qd-dhcntt15-3-2019_sua_doi_bo_sung_quy_dinh_dao_tao_ngoai_ngu_doi_voi_he_dh_chinh_quy_qui_dinh_141_0.pdf,https://daa.uit.edu.vn/sites/daa/files/202310/108-qd-dhcntt15-3-2019_sua_doi_bo_sung_quy_dinh_dao_tao_ngoai_ngu_doi_voi_he_dh_chinh_quy_qui_dinh_141_0.pdf
96,daa/quydinh_huongdan/qui-che-qui-dinh-qui-trinh/05-quy-dinh-dao-tao-ngoai-ngu-doi-voi-he-d-7673d143/35-tb-dhcntt_21-5-2019_cong_nhan_chung_chi_tieng_nhat_nat-test_cho_chuan_qua_trinh_-cb613cd1.pdf,https://daa.uit.edu.vn/sites/daa/files/202310/35-tb-dhcntt_21-5-2019_cong_nhan_chung_chi_tieng_nhat_nat-test_cho_chuan_qua_trinh_0_0.pdf
97,daa/quydinh_huongdan/qui-che-qui-dinh-qui-trinh/05-quy-dinh-dao-tao-ngoai-ngu-doi-voi-he-dai-hoc-chinh-quy-cua-truong-dhcntt/35-tb-dhcntt_21-5-2019_cong_nhan_chung_chi_tieng_nhat_nat-test_cho_chuan_qua_trinh_0_0.pdf,https://daa.uit.edu.vn/sites/daa/files/202310/35-tb-dhcntt_21-5-2019_cong_nhan_chung_chi_tieng_nhat_nat-test_cho_chuan_qua_trinh_0_0.pdf
98,daa/quydinh_huongdan/quyche-dhqg-hcm/pdf/650-qd-dhqg_3-6-2019-quy_dinh_dao_tao_lien_thong_tu_trinh_do_dai_hoc_len_trinh_do_t-d10899f9.pdf,https://daa.uit.edu.vn/sites/daa/files/202310/650-qd-dhqg_3-6-2019-quy_dinh_dao_tao_lien_thong_tu_trinh_do_dai_hoc_len_trinh_do_thac_si.pdf
99,daa/quydinh_huongdan/quyche-dhqg-hcm/pdf/650-qd-dhqg_3-6-2019-quy_dinh_dao_tao_lien_thong_tu_trinh_do_dai_hoc_len_trinh_do_thac_si.pdf,https://daa.uit.edu.vn/sites/daa/files/202310/650-qd-dhqg_3-6-2019-quy_dinh_dao_tao_lien_thong_tu_trinh_do_dai_hoc_len_trinh_do_thac_si.pdf
100,daa/quydinh_huongdan/huong-dan-chuan-qua-trinh/pdf/547-qd-dhcntt_30-8-2019_qui_dinh_dao_tao_ngoai_ngu_doi_voi_he_chinh_qui_khoa_2019_0-9e00a683.pdf,https://daa.uit.edu.vn/sites/daa/files/202310/547-qd-dhcntt_30-8-2019_qui_dinh_dao_tao_ngoai_ngu_doi_voi_he_chinh_qui_khoa_2019_0_0.pdf
101,daa/quydinh_huongdan/huong-dan-chuan-qua-trinh/pdf/547-qd-dhcntt_30-8-2019_qui_dinh_dao_tao_ngoai_ngu_doi_voi_he_chinh_qui_khoa_2019_0_0.pdf,https://daa.uit.edu.vn/sites/daa/files/202310/547-qd-dhcntt_30-8-2019_qui_dinh_dao_tao_ngoai_ngu_doi_voi_he_chinh_qui_khoa_2019_0_0.pdf
102,daa/quydinh_huongdan/qui-che-qui-dinh-qui-trinh/05-quy-dinh-dao-tao-ngoai-ngu-doi-voi-he-d-7673d143/547-qd-dhcntt_30-8-2019_qui_dinh_dao_tao_ngoai_ngu_doi_voi_he_chinh_qui_khoa_2019_0-9e00a683.pdf,https://daa.uit.edu.vn/sites/daa/files/202310/547-qd-dhcntt_30-8-2019_qui_dinh_dao_tao_ngoai_ngu_doi_voi_he_chinh_qui_khoa_2019_0_0.pdf
103,daa/quydinh_huongdan/qui-che-qui-dinh-qui-trinh/05-quy-dinh-dao-tao-ngoai-ngu-doi-voi-he-dai-hoc-chinh-quy-cua-truong-dhcntt/547-qd-dhcntt_30-8-2019_qui_dinh_dao_tao_ngoai_ngu_doi_voi_he_chinh_qui_khoa_2019_0_0.pdf,https://daa.uit.edu.vn/sites/daa/files/202310/547-qd-dhcntt_30-8-2019_qui_dinh_dao_tao_ngoai_ngu_doi_voi_he_chinh_qui_khoa_2019_0_0.pdf
104,daa/quydinh_huongdan/qui-che-qui-dinh-qui-trinh/17-quy-dinh-ve-chinh-sach-ho-tro-cong-bo-khoa-hoc/547-qd-dhcntt_1-6-23_ban_hanh_chinh_sach_ho_tro_cong_bo_khoa_hoc_danh_cho_sv_cao_hoc_ncs.pdf,https://daa.uit.edu.vn/sites/daa/files/202310/547-qd-dhcntt_30-8-2019_qui_dinh_dao_tao_ngoai_ngu_doi_voi_he_chinh_qui_khoa_2019_0_0.pdf
105,daa/quydinh_huongdan/quyche-dhqg-hcm/pdf/1195-qd-dhqg_27-9-2019_quy_dinh_dao_tao_song_nganh_dhqg-4d69dffa.pdf,https://daa.uit.edu.vn/sites/daa/files/202310/1195-qd-dhqg_27-9-2019_quy_dinh_dao_tao_song_nganh_dhqg.pdf
106,daa/quydinh_huongdan/quyche-dhqg-hcm/pdf/1195-qd-dhqg_27-9-2019_quy_dinh_dao_tao_song_nganh_dhqg.pdf,https://daa.uit.edu.vn/sites/daa/files/202310/1195-qd-dhqg_27-9-2019_quy_dinh_dao_tao_song_nganh_dhqg.pdf
107,daa/quydinh_huongdan/quy-trinh-can-bo-giang-day/pdf/hdsd_giangdaytructuyentrenmicrosoftteams.pdf,https://daa.uit.edu.vn/sites/daa/files/uploads/hdsd_giangdaytructuyentrenmicrosoftteams.pdf
108,daa/quydinh_huongdan/quy-trinh-can-bo-giang-day/pdf/hdsd_giangdaytructuyentrenmicrosoftteams-f7ef7f3b.pdf,https://daa.uit.edu.vn/sites/daa/files/uploads/hdsd_giangdaytructuyentrenmicrosoftteams.pdf
109,daa/quydinh_huongdan/quy-trinh-can-bo-giang-day/pdf/huong_dan_phan_quyen_sv_tham_gia_0.pdf,https://daa.uit.edu.vn/sites/daa/files/uploads/huong_dan_phan_quyen_sv_tham_gia_0.pdf
110,daa/quydinh_huongdan/quy-trinh-can-bo-giang-day/pdf/huong_dan_phan_quyen_sv_tham_gia_0-efc2adbc.pdf,https://daa.uit.edu.vn/sites/daa/files/uploads/huong_dan_phan_quyen_sv_tham_gia_0.pdf
111,daa/quydinh_huongdan/quy-trinh-can-bo-giang-day/pdf/huongdansudungvideobaigiang.pdf,https://daa.uit.edu.vn/sites/daa/files/uploads/huongdansudungvideobaigiang.pdf
112,daa/quydinh_huongdan/quy-trinh-can-bo-giang-day/pdf/huongdansudungvideobaigiang-2a9c6fd4.pdf,https://daa.uit.edu.vn/sites/daa/files/uploads/huongdansudungvideobaigiang.pdf
113,daa/quydinh_huongdan/quyche-bogddt/pdf/05_2020_tt-bgddt_18-03-2020_ban_hanh_chuong_trinh_giao_duc_quoc_phong_an_ninh-4714750e.pdf,https://daa.uit.edu.vn/sites/daa/files/202311/05_2020_tt-bgddt_18-03-2020_ban_hanh_chuong_trinh_giao_duc_quoc_phong_an_ninh.pdf
114,daa/quydinh_huongdan/quyche-bogddt/pdf/05_2020_tt-bgddt_18-03-2020_ban_hanh_chuong_trinh_giao_duc_quoc_phong_an_ninh.pdf,https://daa.uit.edu.vn/sites/daa/files/202311/05_2020_tt-bgddt_18-03-2020_ban_hanh_chuong_trinh_giao_duc_quoc_phong_an_ninh.pdf
115,daa/quydinh_huongdan/qui-che-qui-dinh-qui-trinh/16-thoi-diem-va-muc-thu-hoc-phi-gia-han-doi-voi-sinh-vien-he-dai-hoc-chinh-quy/43-tb-dhcntt-23-06-2020_thoi_diem_va_muc_thu_hoc_phi_gia_han_doi_voi_sv_he_dai_hoc_chinh_quy.pdf,https://daa.uit.edu.vn/sites/daa/files/202309/43-tb-dhcntt-23-06-2020_thoi_diem_va_muc_thu_hoc_phi_gia_han_doi_voi_sv_he_dai_hoc_chinh_quy.pdf
116,daa/quydinh_huongdan/quyche-bogddt/pdf/20_2020_tt_bgddt_27-7-2020_thong_tu_quy_dinh_che_do_lam_viec_cua_gv_co_so_gddh-cb908b7c.pdf,https://daa.uit.edu.vn/sites/daa/files/202311/20_2020_tt_bgddt_27-7-2020_thong_tu_quy_dinh_che_do_lam_viec_cua_gv_co_so_gddh.pdf
117,daa/quydinh_huongdan/quyche-bogddt/pdf/20_2020_tt_bgddt_27-7-2020_thong_tu_quy_dinh_che_do_lam_viec_cua_gv_co_so_gddh.pdf,https://daa.uit.edu.vn/sites/daa/files/202311/20_2020_tt_bgddt_27-7-2020_thong_tu_quy_dinh_che_do_lam_viec_cua_gv_co_so_gddh.pdf
118,daa/quydinh_huongdan/quyche-bogddt/pdf/21_2019_tt_bgddt_quy_che_quan_ly_bang_tot_nghiep_thcs_thpt_tcsp_cdsp_gddh_cc-2624b29b.pdf,https://daa.uit.edu.vn/sites/daa/files/202311/21_2019_tt_bgddt_quy_che_quan_ly_bang_tot_nghiep_thcs_thpt_tcsp_cdsp_gddh_cc.pdf
119,daa/quydinh_huongdan/quyche-bogddt/pdf/21_2019_tt_bgddt_quy_che_quan_ly_bang_tot_nghiep_thcs_thpt_tcsp_cdsp_gddh_cc.pdf,https://daa.uit.edu.vn/sites/daa/files/202311/21_2019_tt_bgddt_quy_che_quan_ly_bang_tot_nghiep_thcs_thpt_tcsp_cdsp_gddh_cc.pdf
120,daa/quydinh_huongdan/quyche-bogddt/pdf/24_tt_2017_bgddt_danh_muc_giao_duc_dao_tao_cap_iv_trinh_do_dai_hoc-2c442652.pdf,https://daa.uit.edu.vn/sites/daa/files/202311/24_tt_2017_bgddt_danh_muc_giao_duc_dao_tao_cap_iv_trinh_do_dai_hoc.pdf
121,daa/quydinh_huongdan/quyche-bogddt/pdf/24_tt_2017_bgddt_danh_muc_giao_duc_dao_tao_cap_iv_trinh_do_dai_hoc.pdf,https://daa.uit.edu.vn/sites/daa/files/202311/24_tt_2017_bgddt_danh_muc_giao_duc_dao_tao_cap_iv_trinh_do_dai_hoc.pdf
122,daa/quydinh_huongdan/quyche-bogddt/pdf/43-2019-qh14_luat_giao_duc-926a5a0f.pdf,https://daa.uit.edu.vn/sites/daa/files/202311/43-2019-qh14_luat_giao_duc.pdf
123,daa/quydinh_huongdan/quyche-bogddt/pdf/43-2019-qh14_luat_giao_duc.pdf,https://daa.uit.edu.vn/sites/daa/files/202311/43-2019-qh14_luat_giao_duc.pdf
124,daa/quydinh_huongdan/quyche-bogddt/pdf/436_qd-ttg_ban_hanh_ke_hoach_thuc_hien_khung_trinh_do_quoc_gia_vn_2020-2025-b20c77a2.pdf,https://daa.uit.edu.vn/sites/daa/files/202311/436_qd-ttg_ban_hanh_ke_hoach_thuc_hien_khung_trinh_do_quoc_gia_vn_2020-2025.pdf
125,daa/quydinh_huongdan/quyche-bogddt/pdf/436_qd-ttg_ban_hanh_ke_hoach_thuc_hien_khung_trinh_do_quoc_gia_vn_2020-2025.pdf,https://daa.uit.edu.vn/sites/daa/files/202311/436_qd-ttg_ban_hanh_ke_hoach_thuc_hien_khung_trinh_do_quoc_gia_vn_2020-2025.pdf
126,daa/quydinh_huongdan/quyche-bogddt/pdf/99_2019_nd-cp_quy_dinh_bo_sung_mot_so_dieu_cua_luat_giao_duc_dai_hoc-7058f4fe.pdf,https://daa.uit.edu.vn/sites/daa/files/202311/99_2019_nd-cp_quy_dinh_bo_sung_mot_so_dieu_cua_luat_giao_duc_dai_hoc.pdf
127,daa/quydinh_huongdan/quyche-bogddt/pdf/99_2019_nd-cp_quy_dinh_bo_sung_mot_so_dieu_cua_luat_giao_duc_dai_hoc.pdf,https://daa.uit.edu.vn/sites/daa/files/202311/99_2019_nd-cp_quy_dinh_bo_sung_mot_so_dieu_cua_luat_giao_duc_dai_hoc.pdf
128,daa/quydinh_huongdan/qui-che-qui-dinh-qui-trinh/18-quy-trinh-phan-cong-can-bo-coi-thi-cho-706f299d/672-qd-dhcntt_15-10-2020_quy_trinh_phan_cong_cbct-df0b7e3e.pdf,https://daa.uit.edu.vn/sites/daa/files/202309/672-qd-dhcntt_15-10-2020_quy_trinh_phan_cong_cbct.pdf
129,daa/quydinh_huongdan/qui-che-qui-dinh-qui-trinh/18-quy-trinh-phan-cong-can-bo-coi-thi-cho-cac-dot-thi-tap-trung-he-dai-hoc-chinh-quy/672-qd-dhcntt_15-10-2020_quy_trinh_phan_cong_cbct.pdf,https://daa.uit.edu.vn/sites/daa/files/202309/672-qd-dhcntt_15-10-2020_quy_trinh_phan_cong_cbct.pdf
130,daa/quydinh_huongdan/quyche-dhqg-hcm/pdf/1658-qd-dhqg_24-12-2020_phe_duyet_thi_diem_bo_pcnl_svtn_dhqghcm-485028d6.pdf,https://daa.uit.edu.vn/sites/daa/files/202310/1658-qd-dhqg_24-12-2020_phe_duyet_thi_diem_bo_pcnl_svtn_dhqghcm.pdf
131,daa/quydinh_huongdan/quyche-dhqg-hcm/pdf/1658-qd-dhqg_24-12-2020_phe_duyet_thi_diem_bo_pcnl_svtn_dhqghcm.pdf,https://daa.uit.edu.vn/sites/daa/files/202310/1658-qd-dhqg_24-12-2020_phe_duyet_thi_diem_bo_pcnl_svtn_dhqghcm.pdf
132,daa/quydinh_huongdan/quyche-bogddt/pdf/08_2021_tt-bdgdt_18-03-2021_quy_che_dao_tao_trinh_do_dai_hoc-8315c725.pdf,https://daa.uit.edu.vn/sites/daa/files/202410/08_2021_tt-bdgdt_18-03-2021_quy_che_dao_tao_trinh_do_dai_hoc.pdf
133,daa/quydinh_huongdan/quyche-bogddt/pdf/08_2021_tt-bdgdt_18-03-2021_quy_che_dao_tao_trinh_do_dai_hoc.pdf,https://daa.uit.edu.vn/sites/daa/files/202410/08_2021_tt-bdgdt_18-03-2021_quy_che_dao_tao_trinh_do_dai_hoc.pdf
134,daa/quydinh_huongdan/quyche-bogddt/pdf/28_2023_tt_bgddt-_quy_che_dttx_nam_2023-ebf9f27a.pdf,https://daa.uit.edu.vn/sites/daa/files/202411/28_2023_tt_bgddt._quy_che_dttx_nam_2023.pdf
135,daa/quydinh_huongdan/quyche-bogddt/pdf/28_2023_tt_bgddt._quy_che_dttx_nam_2023.pdf,https://daa.uit.edu.vn/sites/daa/files/202411/28_2023_tt_bgddt._quy_che_dttx_nam_2023.pdf
136,daa/quydinh_huongdan/quyche-bogddt/pdf/khung_nang_luc_ngoai_ngu_viet_nam_6_bac-29fcdcc4.pdf,https://daa.uit.edu.vn/sites/daa/files/202411/khung_nang_luc_ngoai_ngu_viet_nam_6_bac.pdf
137,daa/quydinh_huongdan/quyche-bogddt/pdf/khung_nang_luc_ngoai_ngu_viet_nam_6_bac.pdf,https://daa.uit.edu.vn/sites/daa/files/202411/khung_nang_luc_ngoai_ngu_viet_nam_6_bac.pdf
138,daa/quydinh_huongdan/quyche-bogddt/pdf/thong-tu-01-2024-tt-bgddt-ban-hanh-chuan-co-so-giao-duc-dai-hoc-2ebb71c3.pdf,https://daa.uit.edu.vn/sites/daa/files/202411/thong-tu-01-2024-tt-bgddt-ban-hanh-chuan-co-so-giao-duc-dai-hoc.pdf
139,daa/quydinh_huongdan/quyche-bogddt/pdf/thong-tu-01-2024-tt-bgddt-ban-hanh-chuan-co-so-giao-duc-dai-hoc.pdf,https://daa.uit.edu.vn/sites/daa/files/202411/thong-tu-01-2024-tt-bgddt-ban-hanh-chuan-co-so-giao-duc-dai-hoc.pdf
140,daa/quydinh_huongdan/quyche-bogddt/pdf/tt10-quy_che_dttx_nam_2017-7d59185e.pdf,https://daa.uit.edu.vn/sites/daa/files/202411/tt10-quy_che_dttx_nam_2017.pdf
141,daa/quydinh_huongdan/quyche-bogddt/pdf/tt10-quy_che_dttx_nam_2017.pdf,https://daa.uit.edu.vn/sites/daa/files/202411/tt10-quy_che_dttx_nam_2017.pdf
142,daa/quydinh_huongdan/quyche-bogddt/pdf/17-2021-tt-bgddt_ngay_22-6-2021_chuan_ctdt-e0f5cb7a.pdf,https://daa.uit.edu.vn/sites/daa/files/202310/17-2021-tt-bgddt_ngay_22-6-2021_chuan_ctdt.pdf
143,daa/quydinh_huongdan/quyche-bogddt/pdf/17-2021-tt-bgddt_ngay_22-6-2021_chuan_ctdt.pdf,https://daa.uit.edu.vn/sites/daa/files/202310/17-2021-tt-bgddt_ngay_22-6-2021_chuan_ctdt.pdf
144,daa/quydinh_huongdan/qui-che-qui-dinh-qui-trinh/12-quyet-dinh-ve-viec-ban-hanh-quy-dinh-ve-dao-tao-chuong-trinh-chat-luong-cao/435-qd-dhcntt_07-07-2021_quy_dinh_dao_tao_chuong_trinh_chat_luong_cao.pdf,https://daa.uit.edu.vn/sites/daa/files/202309/435-qd-dhcntt_07-07-2021_quy_dinh_dao_tao_chuong_trinh_chat_luong_cao.pdf
145,daa/quydinh_huongdan/qui-che-qui-dinh-qui-trinh/20-quy-dinh-chuong-trinh-tien-tien/434-qd-dhcntt07-07-2021_quy_dinh_dao_tao_chuong_trinh_tien_tien-68421fb1.pdf,https://daa.uit.edu.vn/sites/daa/files/202512/434-qd-dhcntt07-07-2021_quy_dinh_dao_tao_chuong_trinh_tien_tien.pdf
146,daa/quydinh_huongdan/qui-che-qui-dinh-qui-trinh/20-quy-dinh-chuong-trinh-tien-tien/434-qd-dhcntt_07-07-2021_quy_dinh_dao_tao_chuong_trinh_tien_tien.pdf,https://daa.uit.edu.vn/sites/daa/files/202512/434-qd-dhcntt07-07-2021_quy_dinh_dao_tao_chuong_trinh_tien_tien.pdf
147,daa/quydinh_huongdan/quyche-dhqg-hcm/pdf/836_qd_dhqg_19_7_2021_quy_che_tuyen_sinh_trinh_do_dai_hoc_dhqghcm-762ec3df.pdf,https://daa.uit.edu.vn/sites/daa/files/202310/836_qd_dhqg_19_7_2021_quy_che_tuyen_sinh_trinh_do_dai_hoc_dhqghcm.pdf
148,daa/quydinh_huongdan/quyche-dhqg-hcm/pdf/836_qd_dhqg_19_7_2021_quy_che_tuyen_sinh_trinh_do_dai_hoc_dhqghcm.pdf,https://daa.uit.edu.vn/sites/daa/files/202310/836_qd_dhqg_19_7_2021_quy_che_tuyen_sinh_trinh_do_dai_hoc_dhqghcm.pdf
149,daa/quydinh_huongdan/qui-che-qui-dinh-qui-trinh/05-quy-dinh-dao-tao-ngoai-ngu-doi-voi-he-d-7673d143/101-tb-dhcntt_29-12-2021_thong_bao_su_dung_ket_qua_thi_vpet_0_0-a7512ea7.pdf,https://daa.uit.edu.vn/sites/daa/files/202310/101-tb-dhcntt_29-12-2021_thong_bao_su_dung_ket_qua_thi_vpet_0_0.pdf
150,daa/quydinh_huongdan/qui-che-qui-dinh-qui-trinh/05-quy-dinh-dao-tao-ngoai-ngu-doi-voi-he-dai-hoc-chinh-quy-cua-truong-dhcntt/101-tb-dhcntt_29-12-2021_thong_bao_su_dung_ket_qua_thi_vpet_0_0.pdf,https://daa.uit.edu.vn/sites/daa/files/202310/101-tb-dhcntt_29-12-2021_thong_bao_su_dung_ket_qua_thi_vpet_0_0.pdf
151,daa/quydinh_huongdan/quyche-bogddt/pdf/02_2022-tt-bgddt_18-1-2022_quy_dinh_mo_nganh-68449a15.pdf,https://daa.uit.edu.vn/sites/daa/files/202310/02_2022-tt-bgddt_18-1-2022_quy_dinh_mo_nganh.pdf
152,daa/quydinh_huongdan/quyche-bogddt/pdf/02_2022-tt-bgddt_18-1-2022_quy_dinh_mo_nganh.pdf,https://daa.uit.edu.vn/sites/daa/files/202310/02_2022-tt-bgddt_18-1-2022_quy_dinh_mo_nganh.pdf
153,daa/quydinh_huongdan/quyche-bogddt/pdf/kh1576_bo_gddt_xd_httt_quan_ly_vb-d01b5100.pdf,https://daa.uit.edu.vn/sites/daa/files/202411/kh1576_bo_gddt_xd_httt_quan_ly_vb.pdf
154,daa/quydinh_huongdan/quyche-bogddt/pdf/kh1576_bo_gddt_xd_httt_quan_ly_vb.pdf,https://daa.uit.edu.vn/sites/daa/files/202411/kh1576_bo_gddt_xd_httt_quan_ly_vb.pdf
155,daa/quydinh_huongdan/qui-che-qui-dinh-qui-trinh/21-huong-dan-thang-phan-loai-nhan-thuc-ky-92719b6d/123-qd-dhcntt_ban_hanh_huong_dan_thang_phan_loai_nhan_thuc_ky_nang_thai_do-5d02f863.pdf,https://daa.uit.edu.vn/sites/daa/files/202309/123-qd-dhcntt_ban_hanh_huong_dan_thang_phan_loai_nhan_thuc_ky_nang_thai_do.pdf
156,daa/quydinh_huongdan/qui-che-qui-dinh-qui-trinh/04-quyet-dinh-ve-viec-ban-hanh-quy-dinh-ve-1d49b9ab/131_qd-dhcntt_08-03-2022_quy_dinh_dao_tao_chuong_trinh_tai_nang-74a87596.pdf,https://daa.uit.edu.vn/sites/daa/files/202512/131_qd-dhcntt_08-03-2022_quy_dinh_dao_tao_chuong_trinh_tai_nang.pdf
157,daa/quydinh_huongdan/qui-che-qui-dinh-qui-trinh/04-quyet-dinh-ve-viec-ban-hanh-quy-dinh-ve-he-tai-nang/131-qd-dhcntt_08-03-2022_quy_dinh_dao_tao_chuong_trinh_tai_nang.pdf,https://daa.uit.edu.vn/sites/daa/files/202512/131_qd-dhcntt_08-03-2022_quy_dinh_dao_tao_chuong_trinh_tai_nang.pdf
158,daa/quydinh_huongdan/quyche-dhqg-hcm/pdf/cv671-dhqg_18-4-2022_su_dung_chung_chi_vnu-ept-c29119fa.pdf,https://daa.uit.edu.vn/sites/daa/files/202310/cv671-dhqg_18-4-2022_su_dung_chung_chi_vnu-ept.pdf
159,daa/quydinh_huongdan/quyche-dhqg-hcm/pdf/cv671-dhqg_18-4-2022_su_dung_chung_chi_vnu-ept.pdf,https://daa.uit.edu.vn/sites/daa/files/202310/cv671-dhqg_18-4-2022_su_dung_chung_chi_vnu-ept.pdf
160,daa/quydinh_huongdan/qui-che-qui-dinh-qui-trinh/22-quy-dinh-ve-viec-to-chuc-day-hoc-ngoai-gio-hanh-chinh-doi-voi-cac-hoc-phan-trong-chuong-trinh-dao-tao-dai-hoc-chinh-quy/333-qd-dhcntt_18-5-2022_quy_dinh_ve_viec_to_chuc_day-hoc_ngoai_gio_hanh_chinh_doi_voi_cac_hoc_phan_trong_ctdt_cq.pdf,https://daa.uit.edu.vn/sites/daa/files/202309/333-qd-dhcntt_18-5-2022_quy_dinh_ve_viec_to_chuc_day-hoc_ngoai_gio_hanh_chinh_doi_voi_cac_hoc_phan_trong_ctdt_cq.pdf
161,daa/quydinh_huongdan/qui-che-qui-dinh-qui-trinh/23-quy-dinh-tam-thoi-ve-dao-tao-lien-thong-tu-trinh-do-dai-hoc-len-trinh-do-thac-si-he-chinh-quy/335-qd-dhcntt_19-5-2022_quy_dinh_tam_thoi_ve_dao_tao_lien_thong_tu_trinh_do_dai_hoc_len_trinh_do_thc_si_he_chinh_quy.pdf,https://daa.uit.edu.vn/sites/daa/files/202309/335-qd-dhcntt_19-5-2022_quy_dinh_tam_thoi_ve_dao_tao_lien_thong_tu_trinh_do_dai_hoc_len_trinh_do_thc_si_he_chinh_quy.pdf
162,daa/quydinh_huongdan/quyche-bogddt/pdf/09_2022_tt-bdgdt_6-6-2022_danh_muc_thong_ke_nganh_dao_tao-2babcca6.pdf,https://daa.uit.edu.vn/sites/daa/files/202310/09_2022_tt-bdgdt_6-6-2022_danh_muc_thong_ke_nganh_dao_tao.pdf
163,daa/quydinh_huongdan/quyche-bogddt/pdf/09_2022_tt-bdgdt_6-6-2022_danh_muc_thong_ke_nganh_dao_tao.pdf,https://daa.uit.edu.vn/sites/daa/files/202310/09_2022_tt-bdgdt_6-6-2022_danh_muc_thong_ke_nganh_dao_tao.pdf
164,daa/quydinh_huongdan/quyche-bogddt/pdf/01_2017_qd-ttg_ban_hanh_danh_muc_gddt_cua_he_thong_giao_duc_quoc_dan-5993aa28.pdf,https://daa.uit.edu.vn/sites/daa/files/202311/01_2017_qd-ttg_ban_hanh_danh_muc_gddt_cua_he_thong_giao_duc_quoc_dan.pdf
165,daa/quydinh_huongdan/quyche-bogddt/pdf/01_2017_qd-ttg_ban_hanh_danh_muc_gddt_cua_he_thong_giao_duc_quoc_dan.pdf,https://daa.uit.edu.vn/sites/daa/files/202311/01_2017_qd-ttg_ban_hanh_danh_muc_gddt_cua_he_thong_giao_duc_quoc_dan.pdf
166,daa/quydinh_huongdan/quyche-bogddt/pdf/03_tt_2022_bgddt_quy_dinh_ve_viec_xac_dinh_chi_tieu_tuyen_sinh_dai_hoc-abafad04.pdf,https://daa.uit.edu.vn/sites/daa/files/202311/03_tt_2022_bgddt_quy_dinh_ve_viec_xac_dinh_chi_tieu_tuyen_sinh_dai_hoc.pdf
167,daa/quydinh_huongdan/quyche-bogddt/pdf/03_tt_2022_bgddt_quy_dinh_ve_viec_xac_dinh_chi_tieu_tuyen_sinh_dai_hoc.pdf,https://daa.uit.edu.vn/sites/daa/files/202311/03_tt_2022_bgddt_quy_dinh_ve_viec_xac_dinh_chi_tieu_tuyen_sinh_dai_hoc.pdf
168,daa/quydinh_huongdan/quyche-dhqg-hcm/pdf/707_qd_dhqg23_6_2022_quy_che_tuyen_sinh_trinh_do_dh-1e736ecf.pdf,https://daa.uit.edu.vn/sites/daa/files/202310/707_qd_dhqg23_6_2022_quy_che_tuyen_sinh_trinh_do_dh.pdf
169,daa/quydinh_huongdan/quyche-dhqg-hcm/pdf/707_qd_dhqg23_6_2022_quy_che_tuyen_sinh_trinh_do_dh.pdf,https://daa.uit.edu.vn/sites/daa/files/202310/707_qd_dhqg23_6_2022_quy_che_tuyen_sinh_trinh_do_dh.pdf
170,daa/chuongtrinh_daotao/he-chinhquy/dean/10-tri-tue-nhan-tao-cong-thong-tin-ao-tao/pdf/501-qd-dhcntt_7-7-2022_qd_mo_nganh_tri_tue_nhan_tao.pdf,https://daa.uit.edu.vn/sites/daa/files/202412/501-qd-dhcntt_7-7-2022_qd_mo_nganh_tri_tue_nhan_tao.pdf
171,daa/chuongtrinh_daotao/he-chinhquy/dean/10-tri-tue-nhan-tao-cong-thong-tin-ao-tao/pdf/de_an_nganh_mo_nganh_tri_tue_nhan_tao_uit.pdf,https://daa.uit.edu.vn/sites/daa/files/202412/de_an_nganh_mo_nganh_tri_tue_nhan_tao_uit.pdf
172,daa/quydinh_huongdan/quyche-dhqg-hcm/pdf/bb1528_dhqg_2-8-2022_hop_ve_cong_tac_dao_tao-a29fae44.pdf,https://daa.uit.edu.vn/sites/daa/files/202310/bb1528_dhqg_2-8-2022_hop_ve_cong_tac_dao_tao.pdf
173,daa/quydinh_huongdan/quyche-dhqg-hcm/pdf/bb1528_dhqg_2-8-2022_hop_ve_cong_tac_dao_tao.pdf,https://daa.uit.edu.vn/sites/daa/files/202310/bb1528_dhqg_2-8-2022_hop_ve_cong_tac_dao_tao.pdf
174,daa/quydinh_huongdan/quyche-dhqg-hcm/pdf/2217_dhqg_dt_cong_nhan_mon_hoc_theo_hinh_thuc_mooc-80686bc4.pdf,https://daa.uit.edu.vn/sites/daa/files/202412/2217_dhqg_dt_cong_nhan_mon_hoc_theo_hinh_thuc_mooc.pdf
175,daa/quydinh_huongdan/quyche-dhqg-hcm/pdf/2217_dhqg_dt_cong_nhan_mon_hoc_theo_hinh_thuc_mooc.pdf,https://daa.uit.edu.vn/sites/daa/files/202412/2217_dhqg_dt_cong_nhan_mon_hoc_theo_hinh_thuc_mooc.pdf
176,daa/quydinh_huongdan/quyche-dhqg-hcm/pdf/1224-qd-dhqg_30-8-2022_ban_hanh_mau_chung_chi_ngoai_ngu_theo_khung_nlnn_6_bac-3f4353e6.pdf,https://daa.uit.edu.vn/sites/daa/files/202310/1224-qd-dhqg_30-8-2022_ban_hanh_mau_chung_chi_ngoai_ngu_theo_khung_nlnn_6_bac.pdf
177,daa/quydinh_huongdan/quyche-dhqg-hcm/pdf/1224-qd-dhqg_30-8-2022_ban_hanh_mau_chung_chi_ngoai_ngu_theo_khung_nlnn_6_bac.pdf,https://daa.uit.edu.vn/sites/daa/files/202310/1224-qd-dhqg_30-8-2022_ban_hanh_mau_chung_chi_ngoai_ngu_theo_khung_nlnn_6_bac.pdf
178,daa/quydinh_huongdan/qui-che-qui-dinh-qui-trinh/05-quy-dinh-dao-tao-ngoai-ngu-doi-voi-he-d-7673d143/119-tb-dhcntt_19-9-2022_thong_bao_ngung_su_dung_chung_chi_vpet_toeic_bach_khoa_va_p-b9f54e3e.pdf,https://daa.uit.edu.vn/sites/daa/files/202310/119-tb-dhcntt_19-9-2022_thong_bao_ngung_su_dung_chung_chi_vpet_toeic_bach_khoa_va_phoi_van_bang_moi_0_0.pdf
179,daa/quydinh_huongdan/qui-che-qui-dinh-qui-trinh/05-quy-dinh-dao-tao-ngoai-ngu-doi-voi-he-dai-hoc-chinh-quy-cua-truong-dhcntt/119-tb-dhcntt_19-9-2022_thong_bao_ngung_su_dung_chung_chi_vpet_toeic_bach_khoa_va_phoi_van_bang_moi_0_0.pdf,https://daa.uit.edu.vn/sites/daa/files/202310/119-tb-dhcntt_19-9-2022_thong_bao_ngung_su_dung_chung_chi_vpet_toeic_bach_khoa_va_phoi_van_bang_moi_0_0.pdf
180,daa/quydinh_huongdan/quyche-dhqg-hcm/pdf/1342-qd-dhqg_30-9-2022_quy_che_dao_tao-a67d2134.pdf,https://daa.uit.edu.vn/sites/daa/files/202310/1342-qd-dhqg_30-9-2022_quy_che_dao_tao.pdf
181,daa/quydinh_huongdan/quyche-dhqg-hcm/pdf/1342-qd-dhqg_30-9-2022_quy_che_dao_tao.pdf,https://daa.uit.edu.vn/sites/daa/files/202310/1342-qd-dhqg_30-9-2022_quy_che_dao_tao.pdf
182,daa/quydinh_huongdan/huong-dan-chuan-qua-trinh/pdf/828_qd-dhcntt_04-10-2022_quy_dinh_dao_tao_ngoai_ngu_doi_voi_he_chinh_qui_khoa_2022_-eb8c3cb2.pdf,https://daa.uit.edu.vn/sites/daa/files/202310/828_qd-dhcntt_04-10-2022_quy_dinh_dao_tao_ngoai_ngu_doi_voi_he_chinh_qui_khoa_2022_0_0.pdf
183,daa/quydinh_huongdan/huong-dan-chuan-qua-trinh/pdf/828_qd-dhcntt_04-10-2022_quy_dinh_dao_tao_ngoai_ngu_doi_voi_he_chinh_qui_khoa_2022_0_0.pdf,https://daa.uit.edu.vn/sites/daa/files/202310/828_qd-dhcntt_04-10-2022_quy_dinh_dao_tao_ngoai_ngu_doi_voi_he_chinh_qui_khoa_2022_0_0.pdf
184,daa/quydinh_huongdan/qui-che-qui-dinh-qui-trinh/05-quy-dinh-dao-tao-ngoai-ngu-doi-voi-he-d-7673d143/828_qd-dhcntt_04-10-2022_quy_dinh_dao_tao_ngoai_ngu_doi_voi_he_chinh_qui_khoa_2022_-eb8c3cb2.pdf,https://daa.uit.edu.vn/sites/daa/files/202310/828_qd-dhcntt_04-10-2022_quy_dinh_dao_tao_ngoai_ngu_doi_voi_he_chinh_qui_khoa_2022_0_0.pdf
185,daa/quydinh_huongdan/qui-che-qui-dinh-qui-trinh/05-quy-dinh-dao-tao-ngoai-ngu-doi-voi-he-dai-hoc-chinh-quy-cua-truong-dhcntt/828_qd-dhcntt_04-10-2022_quy_dinh_dao_tao_ngoai_ngu_doi_voi_he_chinh_qui_khoa_2022_0_0.pdf,https://daa.uit.edu.vn/sites/daa/files/202310/828_qd-dhcntt_04-10-2022_quy_dinh_dao_tao_ngoai_ngu_doi_voi_he_chinh_qui_khoa_2022_0_0.pdf
186,daa/quydinh_huongdan/quyche-dhqg-hcm/pdf/1372-qd-dhqg_10-10-2022_quy_che_van_bang_chung_chi-fb53d2c0.pdf,https://daa.uit.edu.vn/sites/daa/files/202310/1372-qd-dhqg_10-10-2022_quy_che_van_bang_chung_chi.pdf
187,daa/quydinh_huongdan/quyche-dhqg-hcm/pdf/1372-qd-dhqg_10-10-2022_quy_che_van_bang_chung_chi.pdf,https://daa.uit.edu.vn/sites/daa/files/202310/1372-qd-dhqg_10-10-2022_quy_che_van_bang_chung_chi.pdf
188,daa/quydinh_huongdan/qui-che-qui-dinh-qui-trinh/05-quy-dinh-dao-tao-ngoai-ngu-doi-voi-he-d-7673d143/153-tb-dhcntt13-12-2022_ngung_su_dung_ket_qua_bai_thi_nn_qt_ielts_indicator_va_toef-e95c68a5.pdf,https://daa.uit.edu.vn/sites/daa/files/202310/153-tb-dhcntt13-12-2022_ngung_su_dung_ket_qua_bai_thi_nn_qt_ielts_indicator_va_toefl_ibt_home_edition_0.pdf
189,daa/quydinh_huongdan/qui-che-qui-dinh-qui-trinh/05-quy-dinh-dao-tao-ngoai-ngu-doi-voi-he-dai-hoc-chinh-quy-cua-truong-dhcntt/153-tb-dhcntt13-12-2022_ngung_su_dung_ket_qua_bai_thi_nn_qt_ielts_indicator_va_toefl_ibt_home_edition_0.pdf,https://daa.uit.edu.vn/sites/daa/files/202310/153-tb-dhcntt13-12-2022_ngung_su_dung_ket_qua_bai_thi_nn_qt_ielts_indicator_va_toefl_ibt_home_edition_0.pdf
190,daa/quydinh_huongdan/quyche-dhqg-hcm/pdf/1672_qd-dhqg_14-12-2022_quy_dinh_in_noi_dung_tren_vbcc-23dcab6a.pdf,https://daa.uit.edu.vn/sites/daa/files/202310/1672_qd-dhqg_14-12-2022_quy_dinh_in_noi_dung_tren_vbcc.pdf
191,daa/quydinh_huongdan/quyche-dhqg-hcm/pdf/1672_qd-dhqg_14-12-2022_quy_dinh_in_noi_dung_tren_vbcc.pdf,https://daa.uit.edu.vn/sites/daa/files/202310/1672_qd-dhqg_14-12-2022_quy_dinh_in_noi_dung_tren_vbcc.pdf
192,daa/quydinh_huongdan/qui-che-qui-dinh-qui-trinh/07-quyet-dinh-ve-viec-ban-hanh-quy-dinh-to-8f2bd9a5/1139_qd-dhcntt_20-12-2022_to_chuc_thi_cac_mon_hoc_he_dai_hoc_chinh_quy-e3ae8471.pdf,https://daa.uit.edu.vn/sites/daa/files/202309/1139_qd-dhcntt_20-12-2022_to_chuc_thi_cac_mon_hoc_he_dai_hoc_chinh_quy.pdf
193,daa/quydinh_huongdan/qui-che-qui-dinh-qui-trinh/07-quyet-dinh-ve-viec-ban-hanh-quy-dinh-to-chuc-thi-tap-trung-cac-mon-hoc-he-dhcq/1139_qd-dhcntt_20-12-2022_to_chuc_thi_cac_mon_hoc_he_dai_hoc_chinh_quy.pdf,https://daa.uit.edu.vn/sites/daa/files/202309/1139_qd-dhcntt_20-12-2022_to_chuc_thi_cac_mon_hoc_he_dai_hoc_chinh_quy.pdf
194,daa/quydinh_huongdan/quyche-dhqg-hcm/pdf/1758-qd-dhqg-29-12-2022_quy_dinh_lien_ket_dao_tao_voi_nuoc_ngoai_trinh_do_dh_ths_ts-9ba3d3a4.pdf,https://daa.uit.edu.vn/sites/daa/files/202310/1758-qd-dhqg-29-12-2022_quy_dinh_lien_ket_dao_tao_voi_nuoc_ngoai_trinh_do_dh_ths_ts_tai_dhqg-hcm.pdf
195,daa/quydinh_huongdan/quyche-dhqg-hcm/pdf/1758-qd-dhqg-29-12-2022_quy_dinh_lien_ket_dao_tao_voi_nuoc_ngoai_trinh_do_dh_ths_ts_tai_dhqg-hcm.pdf,https://daa.uit.edu.vn/sites/daa/files/202310/1758-qd-dhqg-29-12-2022_quy_dinh_lien_ket_dao_tao_voi_nuoc_ngoai_trinh_do_dh_ths_ts_tai_dhqg-hcm.pdf
196,daa/quydinh_huongdan/qui-che-qui-dinh-qui-trinh/03-quyet-dinh-ve-viec-ban-hanh-quy-che-van-bang-chung-chi/172-qd-dhcntt_08-3-2023_quy_che_van_bang_chung_chi.pdf,https://daa.uit.edu.vn/sites/daa/files/202309/172-qd-dhcntt_08-3-2023_quy_che_van_bang_chung_chi.pdf
197,daa/quydinh_huongdan/qui-che-qui-dinh-qui-trinh/24-quyet-dinh-ve-viec-ban-hanh-quy-dinh-da-79e4e908/196-qd-dhcntt_16-3-2023_quy_dinh_day_va_hoc_theo_phuong_thuc_truc_tuyen_va_phuong_t-52754f6f.pdf,https://daa.uit.edu.vn/sites/daa/files/202309/196-qd-dhcntt_16-3-2023_quy_dinh_day_va_hoc_theo_phuong_thuc_truc_tuyen_va_phuong_thuc_ket_hop.pdf
198,daa/quydinh_huongdan/qui-che-qui-dinh-qui-trinh/24-quyet-dinh-ve-viec-ban-hanh-quy-dinh-day-va-hoc-theo-phuong-thuc-truc-tuyen-va-phuong-thuc-ket-hop/196-qd-dhcntt_16-3-2023_quy_dinh_day_va_hoc_theo_phuong_thuc_truc_tuyen_va_phuong_thuc_ket_hop.pdf,https://daa.uit.edu.vn/sites/daa/files/202309/196-qd-dhcntt_16-3-2023_quy_dinh_day_va_hoc_theo_phuong_thuc_truc_tuyen_va_phuong_thuc_ket_hop.pdf
199,daa/quydinh_huongdan/qui-che-qui-dinh-qui-trinh/31-quy-che-tuyen-sinh-dai-hoc-chinh-quy/354-qd-dhcntt_19-4-2023-quychets.pdf,https://daa.uit.edu.vn/sites/daa/files/202408/354-qd-dhcntt_19-4-2023-quychets.pdf
200,daa/quydinh_huongdan/quyche-dhqg-hcm/pdf/540_qd_dhqg_9-5-2023_quy_dinh_mo_nganh-e7bc7aed.pdf,https://daa.uit.edu.vn/sites/daa/files/202310/540_qd_dhqg_9-5-2023_quy_dinh_mo_nganh.pdf
201,daa/quydinh_huongdan/quyche-dhqg-hcm/pdf/540_qd_dhqg_9-5-2023_quy_dinh_mo_nganh.pdf,https://daa.uit.edu.vn/sites/daa/files/202310/540_qd_dhqg_9-5-2023_quy_dinh_mo_nganh.pdf
202,daa/quydinh_huongdan/quyche-dhqg-hcm/pdf/cv842_27-5-2023_huong_dan_in_noi_dung_tren_vb_mau_ban_hanh_nam_2017-206eea13.pdf,https://daa.uit.edu.vn/sites/daa/files/202310/cv842_27-5-2023_huong_dan_in_noi_dung_tren_vb_mau_ban_hanh_nam_2017.pdf
203,daa/quydinh_huongdan/quyche-dhqg-hcm/pdf/cv842_27-5-2023_huong_dan_in_noi_dung_tren_vb_mau_ban_hanh_nam_2017.pdf,https://daa.uit.edu.vn/sites/daa/files/202310/cv842_27-5-2023_huong_dan_in_noi_dung_tren_vb_mau_ban_hanh_nam_2017.pdf
204,daa/quydinh_huongdan/huong-dan-sinh-vien/19-quy-trinh-nop-khoa-luan-tot-nghiep-sau-3884fcc8/583-qd-dhcntt_12-6-2023_ban_hanh_quy_trinh_nop_kltn_sau_khi_bao_ve_truoc_hoi_dong_b-d02eba47.pdf,https://daa.uit.edu.vn/sites/daa/files/202309/583-qd-dhcntt_12-6-2023_ban_hanh_quy_trinh_nop_kltn_sau_khi_bao_ve_truoc_hoi_dong_bao_ve_kltn.pdf
205,daa/quydinh_huongdan/huong-dan-sinh-vien/19-quy-trinh-nop-khoa-luan-tot-nghiep-sau-khi-bao-ve-truoc-hoi-dong-bao-ve-khoa-luan-tot-nghiep/583-qd-dhcntt_12-6-2023_ban_hanh_quy_trinh_nop_kltn_sau_khi_bao_ve_truoc_hoi_dong_bao_ve_kltn.pdf,https://daa.uit.edu.vn/sites/daa/files/202309/583-qd-dhcntt_12-6-2023_ban_hanh_quy_trinh_nop_kltn_sau_khi_bao_ve_truoc_hoi_dong_bao_ve_kltn.pdf
206,daa/quydinh_huongdan/quyche-dhqg-hcm/pdf/809-qd-dhqg_3-7-2023_quy_dinh_dgkqht_theo_hinh_thuc_tt-04c8b0df.pdf,https://daa.uit.edu.vn/sites/daa/files/202310/809-qd-dhqg_3-7-2023_quy_dinh_dgkqht_theo_hinh_thuc_tt.pdf
207,daa/quydinh_huongdan/quyche-dhqg-hcm/pdf/809-qd-dhqg_3-7-2023_quy_dinh_dgkqht_theo_hinh_thuc_tt.pdf,https://daa.uit.edu.vn/sites/daa/files/202310/809-qd-dhqg_3-7-2023_quy_dinh_dgkqht_theo_hinh_thuc_tt.pdf
208,daa/quydinh_huongdan/qui-che-qui-dinh-qui-trinh/18-quy-trinh-phan-cong-can-bo-coi-thi-cho-706f299d/936_qd-dhcntt_13-9-2023_sua_doi_quy_trinh_phan_cong_can_bo_coi_thi-de2e1ffa.pdf,https://daa.uit.edu.vn/sites/daa/files/202309/936_qd-dhcntt_13-9-2023_sua_doi_quy_trinh_phan_cong_can_bo_coi_thi.pdf
209,daa/quydinh_huongdan/qui-che-qui-dinh-qui-trinh/18-quy-trinh-phan-cong-can-bo-coi-thi-cho-cac-dot-thi-tap-trung-he-dai-hoc-chinh-quy/936_qd-dhcntt_13-9-2023_sua_doi_quy_trinh_phan_cong_can_bo_coi_thi.pdf,https://daa.uit.edu.vn/sites/daa/files/202309/936_qd-dhcntt_13-9-2023_sua_doi_quy_trinh_phan_cong_can_bo_coi_thi.pdf
210,daa/quydinh_huongdan/qui-che-qui-dinh-qui-trinh/11-quyet-dinh-ve-viec-ban-hanh-quy-dinh-ve-viec-mo-nganh-dao-tao/1021-qd-dhcntt4-10-2023_quyet_dinh_mo_nganh.pdf,https://daa.uit.edu.vn/sites/daa/files/202310/1021-qd-dhcntt4-10-2023_quyet_dinh_mo_nganh.pdf
211,daa/quydinh_huongdan/qui-che-qui-dinh-qui-trinh/25-quy-dinh-to-chuc-danh-gia-ket-qua-hoc-t-13d713ba/1141-qd-dhcntt_7-11-2023_quy_dinh_to_chuc_danh_gia_ket_qua_hoc_tap_theo_hinh_thuc_t-53b77188.pdf,https://daa.uit.edu.vn/sites/daa/files/202311/1141-qd-dhcntt_7-11-2023_quy_dinh_to_chuc_danh_gia_ket_qua_hoc_tap_theo_hinh_thuc_truc_tuyen.pdf
212,daa/quydinh_huongdan/qui-che-qui-dinh-qui-trinh/25-quy-dinh-to-chuc-danh-gia-ket-qua-hoc-tap-theo-hinh-thuc-truc-tuyen/1141-qd-dhcntt_7-11-2023_quy_dinh_to_chuc_danh_gia_ket_qua_hoc_tap_theo_hinh_thuc_truc_tuyen.pdf,https://daa.uit.edu.vn/sites/daa/files/202311/1141-qd-dhcntt_7-11-2023_quy_dinh_to_chuc_danh_gia_ket_qua_hoc_tap_theo_hinh_thuc_truc_tuyen.pdf
213,daa/quydinh_huongdan/qui-che-qui-dinh-qui-trinh/26-quy-dinh-moi-giang-vien-thinh-giang-tu-149c4db1/1187-qd-dhcntt_23-11-2023-1b9831ee.pdf,https://daa.uit.edu.vn/sites/daa/files/202311/1187-qd-dhcntt_23-11-2023.pdf
214,daa/quydinh_huongdan/qui-che-qui-dinh-qui-trinh/26-quy-dinh-moi-giang-vien-thinh-giang-tu-doanh-nghiep/1187-qd-dhcntt_23-11-2023.pdf,https://daa.uit.edu.vn/sites/daa/files/202311/1187-qd-dhcntt_23-11-2023.pdf
215,daa/quydinh_huongdan/quyche-dhqg-hcm/pdf/1681-qd-dhqg30-11-2023_phe_duyet_song_nganh_tmdt_dh_cntt-d1ac04fd.pdf,https://daa.uit.edu.vn/sites/daa/files/202312/1681-qd-dhqg30-11-2023_phe_duyet_song_nganh_tmdt_dh_cntt.pdf
216,daa/quydinh_huongdan/quyche-dhqg-hcm/pdf/1681-qd-dhqg30-11-2023_phe_duyet_song_nganh_tmdt_dh_cntt.pdf,https://daa.uit.edu.vn/sites/daa/files/202312/1681-qd-dhqg30-11-2023_phe_duyet_song_nganh_tmdt_dh_cntt.pdf
217,daa/quydinh_huongdan/huong-dan-sinh-vien/27-huong-dan-dang-ky-hoc-phan-cho-sinh-vien/dkhp_doc_0.pdf,https://daa.uit.edu.vn/sites/daa/files/202312/dkhp_doc_0.pdf
218,daa/quydinh_huongdan/qui-che-qui-dinh-qui-trinh/07-quyet-dinh-ve-viec-ban-hanh-quy-dinh-to-8f2bd9a5/1376_qd-dhcntt_28-12-2023_cap_nhat_quy_dinh_to_chuc_thi-37d6228b.pdf,https://daa.uit.edu.vn/sites/daa/files/202312/1376_qd-dhcntt_28-12-2023_cap_nhat_quy_dinh_to_chuc_thi.pdf
219,daa/quydinh_huongdan/qui-che-qui-dinh-qui-trinh/07-quyet-dinh-ve-viec-ban-hanh-quy-dinh-to-chuc-thi-tap-trung-cac-mon-hoc-he-dhcq/1376_qd-dhcntt_28-12-2023_cap_nhat_quy_dinh_to_chuc_thi.pdf,https://daa.uit.edu.vn/sites/daa/files/202312/1376_qd-dhcntt_28-12-2023_cap_nhat_quy_dinh_to_chuc_thi.pdf
220,daa/quydinh_huongdan/qui-che-qui-dinh-qui-trinh/01-quyet-dinh-ve-viec-ban-hanh-quy-che-dao-9caf747a/1393-qd-dhcntt_29-12-2023_cap_nhat_quy_che_dao_tao_theo_hoc_che_tin_chi_cho_he_dai_-02fb91d2.pdf,https://daa.uit.edu.vn/sites/daa/files/202401/1393-qd-dhcntt_29-12-2023_cap_nhat_quy_che_dao_tao_theo_hoc_che_tin_chi_cho_he_dai_hoc_chinh_quy.pdf
221,daa/quydinh_huongdan/qui-che-qui-dinh-qui-trinh/01-quyet-dinh-ve-viec-ban-hanh-quy-che-dao-tao-theo-hoc-che-tin-chi/1393-qd-dhcntt_29-12-2023_cap_nhat_quy_che_dao_tao_theo_hoc_che_tin_chi_cho_he_dai_hoc_chinh_quy.pdf,https://daa.uit.edu.vn/sites/daa/files/202401/1393-qd-dhcntt_29-12-2023_cap_nhat_quy_che_dao_tao_theo_hoc_che_tin_chi_cho_he_dai_hoc_chinh_quy.pdf
222,daa/quydinh_huongdan/qui-che-qui-dinh-qui-trinh/01-quyet-dinh-ve-viec-ban-hanh-quy-che-dao-9caf747a/790-qd-dhcntt_28-9-22_quy_che_dao_tao-3d214c3e.pdf,https://daa.uit.edu.vn/sites/daa/files/202309/790-qd-dhcntt_28-9-22_quy_che_dao_tao.pdf
223,daa/quydinh_huongdan/qui-che-qui-dinh-qui-trinh/01-quyet-dinh-ve-viec-ban-hanh-quy-che-dao-tao-theo-hoc-che-tin-chi/790-qd-dhcntt_28-9-22_quy_che_dao_tao.pdf,https://daa.uit.edu.vn/sites/daa/files/202309/790-qd-dhcntt_28-9-22_quy_che_dao_tao.pdf
224,daa/quydinh_huongdan/quyche-bogddt/pdf/30-2023-tt-bgddt_29-12-23_ung_dung_cntt_trong_dao_tao_truc_tuyen-d0f4e2b2.pdf,https://daa.uit.edu.vn/sites/daa/files/202401/30-2023-tt-bgddt_29-12-23_ung_dung_cntt_trong_dao_tao_truc_tuyen.pdf
225,daa/quydinh_huongdan/quyche-bogddt/pdf/30-2023-tt-bgddt_29-12-23_ung_dung_cntt_trong_dao_tao_truc_tuyen.pdf,https://daa.uit.edu.vn/sites/daa/files/202401/30-2023-tt-bgddt_29-12-23_ung_dung_cntt_trong_dao_tao_truc_tuyen.pdf
226,daa/quydinh_huongdan/qui-che-qui-dinh-qui-trinh/28-quy-dinh-dao-tao-song-nganh-trinh-do-da-3cb20f38/112-qd-dhcntt_01-02-2024_quy_dinh_dao_tao_song_nganh_trinh_do_dai_hoc_he_chinh_quy-1be5b2de.pdf,https://daa.uit.edu.vn/sites/daa/files/202402/112-qd-dhcntt_01-02-2024_quy_dinh_dao_tao_song_nganh_trinh_do_dai_hoc_he_chinh_quy.pdf
227,daa/quydinh_huongdan/qui-che-qui-dinh-qui-trinh/28-quy-dinh-dao-tao-song-nganh-trinh-do-dai-hoc-he-chinh-quy/112-qd-dhcntt_01-02-2024_quy_dinh_dao_tao_song_nganh_trinh_do_dai_hoc_he_chinh_quy.pdf,https://daa.uit.edu.vn/sites/daa/files/202402/112-qd-dhcntt_01-02-2024_quy_dinh_dao_tao_song_nganh_trinh_do_dai_hoc_he_chinh_quy.pdf
228,daa/quydinh_huongdan/huong-dan-sinh-vien/06-quyet-dinh-ve-viec-ban-hanh-quy-dinh-ve-eb553924/159-qd-dhcntt_05-03-2024_ban_hanh_quy_dinh_kltn-709edb5e.pdf,https://daa.uit.edu.vn/sites/daa/files/202410/159-qd-dhcntt_05-03-2024_ban_hanh_quy_dinh_kltn.pdf
229,daa/quydinh_huongdan/huong-dan-sinh-vien/06-quyet-dinh-ve-viec-ban-hanh-quy-dinh-ve-khoa-luan-tot-nghiep-cho-sv-he-cq/159-qd-dhcntt_05-03-2024_ban_hanh_quy_dinh_kltn.pdf,https://daa.uit.edu.vn/sites/daa/files/202410/159-qd-dhcntt_05-03-2024_ban_hanh_quy_dinh_kltn.pdf
230,daa/quydinh_huongdan/quyche-bogddt/pdf/cv960_240307_bo_gddt_thuc_hien_quy_dinh_ve_quan_ly_chat_luong-f0ccdf72.pdf,https://daa.uit.edu.vn/sites/daa/files/202404/cv960_240307_bo_gddt_thuc_hien_quy_dinh_ve_quan_ly_chat_luong.pdf
231,daa/quydinh_huongdan/quyche-bogddt/pdf/cv960_240307_bo_gddt_thuc_hien_quy_dinh_ve_quan_ly_chat_luong.pdf,https://daa.uit.edu.vn/sites/daa/files/202404/cv960_240307_bo_gddt_thuc_hien_quy_dinh_ve_quan_ly_chat_luong.pdf
232,daa/quydinh_huongdan/qui-che-qui-dinh-qui-trinh/33-quy-che-tuyen-sinh-hinh-thuc-dao-tao-tu-xa-trinh-do-dai-hoc/213-qd-dhcntt_19-3-2024_pdf.pdf,https://daa.uit.edu.vn/sites/daa/files/202410/213-qd-dhcntt_19-3-2024_pdf.pdf
233,daa/quydinh_huongdan/huong-dan-chuan-qua-trinh/pdf/364-qd-dhcntt_22-04-2024_sua_doi_quy_dinh_dao_tao_ngoai_ngu-9fb284dc.pdf,https://daa.uit.edu.vn/sites/daa/files/202404/364-qd-dhcntt_22-04-2024_sua_doi_quy_dinh_dao_tao_ngoai_ngu.pdf
234,daa/quydinh_huongdan/huong-dan-chuan-qua-trinh/pdf/364-qd-dhcntt_22-04-2024_sua_doi_quy_dinh_dao_tao_ngoai_ngu.pdf,https://daa.uit.edu.vn/sites/daa/files/202404/364-qd-dhcntt_22-04-2024_sua_doi_quy_dinh_dao_tao_ngoai_ngu.pdf
235,daa/quydinh_huongdan/qui-che-qui-dinh-qui-trinh/05-quy-dinh-dao-tao-ngoai-ngu-doi-voi-he-d-7673d143/364-qd-dhcntt_22-04-2024_sua_doi_quy_dinh_dao_tao_ngoai_ngu-9fb284dc.pdf,https://daa.uit.edu.vn/sites/daa/files/202404/364-qd-dhcntt_22-04-2024_sua_doi_quy_dinh_dao_tao_ngoai_ngu.pdf
236,daa/quydinh_huongdan/qui-che-qui-dinh-qui-trinh/05-quy-dinh-dao-tao-ngoai-ngu-doi-voi-he-dai-hoc-chinh-quy-cua-truong-dhcntt/364-qd-dhcntt_22-04-2024_sua_doi_quy_dinh_dao_tao_ngoai_ngu.pdf,https://daa.uit.edu.vn/sites/daa/files/202404/364-qd-dhcntt_22-04-2024_sua_doi_quy_dinh_dao_tao_ngoai_ngu.pdf
237,daa/quydinh_huongdan/qui-che-qui-dinh-qui-trinh/09-quyet-dinh-ve-viec-ban-hanh-quy-che-dao-tao-cho-sinh-vien-he-dao-tao-tu-xa-trinh-do-dai-hoc/507-qd-dhcntt-27-5-2024_quy_che_dao_tao_cho_sinh_vien.pdf,https://daa.uit.edu.vn/sites/daa/files/202412/507-qd-dhcntt-27-5-2024_quy_che_dao_tao_cho_sinh_vien.pdf
238,daa/quydinh_huongdan/huong-dan-chuan-qua-trinh/pdf/560-qd-dhcntt_5-6-2024_sua_doi_quy_dinh_dao_tao_ngoai_ngu_doi_voi_he_dai_hoc_chinh_-b892aabc.pdf,https://daa.uit.edu.vn/sites/daa/files/202406/560-qd-dhcntt_5-6-2024_sua_doi_quy_dinh_dao_tao_ngoai_ngu_doi_voi_he_dai_hoc_chinh_quy.pdf
239,daa/quydinh_huongdan/huong-dan-chuan-qua-trinh/pdf/560-qd-dhcntt_5-6-2024_sua_doi_quy_dinh_dao_tao_ngoai_ngu_doi_voi_he_dai_hoc_chinh_quy.pdf,https://daa.uit.edu.vn/sites/daa/files/202406/560-qd-dhcntt_5-6-2024_sua_doi_quy_dinh_dao_tao_ngoai_ngu_doi_voi_he_dai_hoc_chinh_quy.pdf
240,daa/quydinh_huongdan/qui-che-qui-dinh-qui-trinh/05-quy-dinh-dao-tao-ngoai-ngu-doi-voi-he-d-7673d143/560-qd-dhcntt_5-6-2024_sua_doi_quy_dinh_dao_tao_ngoai_ngu_doi_voi_he_dai_hoc_chinh_-b892aabc.pdf,https://daa.uit.edu.vn/sites/daa/files/202406/560-qd-dhcntt_5-6-2024_sua_doi_quy_dinh_dao_tao_ngoai_ngu_doi_voi_he_dai_hoc_chinh_quy.pdf
241,daa/quydinh_huongdan/qui-che-qui-dinh-qui-trinh/05-quy-dinh-dao-tao-ngoai-ngu-doi-voi-he-dai-hoc-chinh-quy-cua-truong-dhcntt/560-qd-dhcntt_5-6-2024_sua_doi_quy_dinh_dao_tao_ngoai_ngu_doi_voi_he_dai_hoc_chinh_quy.pdf,https://daa.uit.edu.vn/sites/daa/files/202406/560-qd-dhcntt_5-6-2024_sua_doi_quy_dinh_dao_tao_ngoai_ngu_doi_voi_he_dai_hoc_chinh_quy.pdf
242,daa/quydinh_huongdan/huong-dan-sinh-vien/29-quy-dinh-ve-do-an-tot-nghiep-tai-doanh-nghiep/697-qd-dhcntt_12-7-2024_quy_dinh_do_an_tot_nghiep_tai_doanh_nghiep-6d3b4039.pdf,https://daa.uit.edu.vn/sites/daa/files/202407/697-qd-dhcntt_12-7-2024_quy_dinh_do_an_tot_nghiep_tai_doanh_nghiep.pdf
243,daa/quydinh_huongdan/huong-dan-sinh-vien/29-quy-dinh-ve-do-an-tot-nghiep-tai-doanh-nghiep/697-qd-dhcntt_12-7-2024_quy_dinh_do_an_tot_nghiep_tai_doanh_nghiep.pdf,https://daa.uit.edu.vn/sites/daa/files/202407/697-qd-dhcntt_12-7-2024_quy_dinh_do_an_tot_nghiep_tai_doanh_nghiep.pdf
244,daa/quydinh_huongdan/huong-dan-sinh-vien/32-quy-trinh-canh-bao-sinh-vien-he-dai-hoc-b3da5d48/832_qd-dhcntt12-8-2024-2185ee21.pdf,https://daa.uit.edu.vn/sites/daa/files/202409/832_qd-dhcntt12-8-2024.pdf
245,daa/quydinh_huongdan/huong-dan-sinh-vien/32-quy-trinh-canh-bao-sinh-vien-he-dai-hoc-chinh-quy-ve-ket-qua-dang-ky-hoc-phan-va-ket-qua-hoc-tap/832_qd-dhcntt12-8-2024.pdf,https://daa.uit.edu.vn/sites/daa/files/202409/832_qd-dhcntt12-8-2024.pdf
246,daa/quydinh_huongdan/qui-che-qui-dinh-qui-trinh/39-quy-dinh-ve-liem-chinh-hoc-thuat-tai-tr-b5455341/851-qd-dhcntt-14-08-2024-scan-f8fae5c0.pdf,https://daa.uit.edu.vn/sites/daa/files/202510/851-qd-dhcntt-14-08-2024-scan.pdf
247,daa/quydinh_huongdan/qui-che-qui-dinh-qui-trinh/39-quy-dinh-ve-liem-chinh-hoc-thuat-tai-truong-dai-hoc-cong-nghe-thong-tin/851-qd-dhcntt-14-08-2024-scan.pdf,https://daa.uit.edu.vn/sites/daa/files/202510/851-qd-dhcntt-14-08-2024-scan.pdf
248,daa/quydinh_huongdan/qui-che-qui-dinh-qui-trinh/03-quyet-dinh-ve-viec-ban-hanh-quy-che-van-bang-chung-chi/1192-tb-dhcntt_25-10-2024_tu_ngu_su_dung_in_tren_plvb_bd_gxn_0.pdf,https://daa.uit.edu.vn/sites/daa/files/202412/1192-tb-dhcntt_25-10-2024_tu_ngu_su_dung_in_tren_plvb_bd_gxn_0.pdf
249,daa/quydinh_huongdan/quyche-bogddt/pdf/qd3566-bgddt_tieu_chi_va_quy_trinh_cong_nhan_cuoc_thi_olympic-c781f1d5.pdf,https://daa.uit.edu.vn/sites/daa/files/202411/qd3566-bgddt_tieu_chi_va_quy_trinh_cong_nhan_cuoc_thi_olympic.pdf
250,daa/quydinh_huongdan/quyche-bogddt/pdf/qd3566-bgddt_tieu_chi_va_quy_trinh_cong_nhan_cuoc_thi_olympic.pdf,https://daa.uit.edu.vn/sites/daa/files/202411/qd3566-bgddt_tieu_chi_va_quy_trinh_cong_nhan_cuoc_thi_olympic.pdf
251,daa/quydinh_huongdan/quyche-bogddt/pdf/tt16_bgddt_20-11-2024_sua_doi_bo_sung_tt02_ve_mo_nganh_dao_tao-5a608f64.pdf,https://daa.uit.edu.vn/sites/daa/files/202411/tt16_bgddt_20-11-2024_sua_doi_bo_sung_tt02_ve_mo_nganh_dao_tao.pdf
252,daa/quydinh_huongdan/quyche-bogddt/pdf/tt16_bgddt_20-11-2024_sua_doi_bo_sung_tt02_ve_mo_nganh_dao_tao.pdf,https://daa.uit.edu.vn/sites/daa/files/202411/tt16_bgddt_20-11-2024_sua_doi_bo_sung_tt02_ve_mo_nganh_dao_tao.pdf
253,daa/quydinh_huongdan/qui-che-qui-dinh-qui-trinh/34-quy-trinh-chuyen-sinh-vien-tu-hinh-thuc-dao-tao-chinh-quy-sang-hinh-thuc-dao-tao-tu-xa/1499-qd-dhcntt-10-12-2024.pdf,https://daa.uit.edu.vn/sites/daa/files/202412/1499-qd-dhcntt-10-12-2024.pdf
254,daa/quydinh_huongdan/quyche-dhqg-hcm/pdf/15_qd_dhqg_07_01_2025_quy_dinh_sua_doi_bo_sung_mot_so_dieu_cua_quy_dinh_mo_nganh_da-0af5c29e.pdf,https://daa.uit.edu.vn/sites/daa/files/202502/15_qd_dhqg_07_01_2025_quy_dinh_sua_doi_bo_sung_mot_so_dieu_cua_quy_dinh_mo_nganh_dao_tao_trinh_do_dai_hoc_thac_si_tien_si.pdf
255,daa/quydinh_huongdan/quyche-dhqg-hcm/pdf/15_qd_dhqg_07_01_2025_quy_dinh_sua_doi_bo_sung_mot_so_dieu_cua_quy_dinh_mo_nganh_dao_tao_trinh_do_dai_hoc_thac_si_tien_si.pdf,https://daa.uit.edu.vn/sites/daa/files/202502/15_qd_dhqg_07_01_2025_quy_dinh_sua_doi_bo_sung_mot_so_dieu_cua_quy_dinh_mo_nganh_dao_tao_trinh_do_dai_hoc_thac_si_tien_si.pdf
256,daa/quydinh_huongdan/quyche-dhqg-hcm/pdf/1916_dhqg_dt_pho_bien_khung_nang_luc_giang_day_so_cua_giang_vien-e4c7f771.pdf,https://daa.uit.edu.vn/sites/daa/files/202509/1916_dhqg_dt_pho_bien_khung_nang_luc_giang_day_so_cua_giang_vien.pdf
257,daa/quydinh_huongdan/quyche-dhqg-hcm/pdf/1916_dhqg_dt_pho_bien_khung_nang_luc_giang_day_so_cua_giang_vien.pdf,https://daa.uit.edu.vn/sites/daa/files/202509/1916_dhqg_dt_pho_bien_khung_nang_luc_giang_day_so_cua_giang_vien.pdf
258,daa/quydinh_huongdan/quyche-dhqg-hcm/pdf/qd2104_251025_pl_bang_mo_ta_dcct_toan_dstt-signed-ba4abdbe.pdf,https://daa.uit.edu.vn/sites/daa/files/202510/qd2104_251025_pl_bang_mo_ta_dcct_toan_dstt.signed.pdf
259,daa/quydinh_huongdan/quyche-dhqg-hcm/pdf/qd2104_251025_pl_bang_mo_ta_dcct_toan_dstt.signed.pdf,https://daa.uit.edu.vn/sites/daa/files/202510/qd2104_251025_pl_bang_mo_ta_dcct_toan_dstt.signed.pdf
260,daa/quydinh_huongdan/quyche-dhqg-hcm/pdf/qd2105_251025_pl_bang_mo_ta_dcct_toan_giai_tich-signed-1cc4b87e.pdf,https://daa.uit.edu.vn/sites/daa/files/202510/qd2105_251025_pl_bang_mo_ta_dcct_toan_giai_tich.signed.pdf
261,daa/quydinh_huongdan/quyche-dhqg-hcm/pdf/qd2105_251025_pl_bang_mo_ta_dcct_toan_giai_tich.signed.pdf,https://daa.uit.edu.vn/sites/daa/files/202510/qd2105_251025_pl_bang_mo_ta_dcct_toan_giai_tich.signed.pdf
262,daa/quydinh_huongdan/quyche-dhqg-hcm/pdf/qd2106_251025_pl_bang_mo_ta_dcct-toan_xstk-signed-939d0c6e.pdf,https://daa.uit.edu.vn/sites/daa/files/202510/qd2106_251025_pl_bang_mo_ta_dcct.toan_xstk.signed.pdf
263,daa/quydinh_huongdan/quyche-dhqg-hcm/pdf/qd2106_251025_pl_bang_mo_ta_dcct.toan_xstk.signed.pdf,https://daa.uit.edu.vn/sites/daa/files/202510/qd2106_251025_pl_bang_mo_ta_dcct.toan_xstk.signed.pdf
264,daa/quydinh_huongdan/quyche-dhqg-hcm/pdf/qd2107_251025_pl_bang_mo_ta_dcct_toan_roi_rac-signed-8562f75a.pdf,https://daa.uit.edu.vn/sites/daa/files/202510/qd2107_251025_pl_bang_mo_ta_dcct_toan_roi_rac.signed.pdf
265,daa/quydinh_huongdan/quyche-dhqg-hcm/pdf/qd2107_251025_pl_bang_mo_ta_dcct_toan_roi_rac.signed.pdf,https://daa.uit.edu.vn/sites/daa/files/202510/qd2107_251025_pl_bang_mo_ta_dcct_toan_roi_rac.signed.pdf
266,daa/quydinh_huongdan/quyche-dhqg-hcm/pdf/qd2108_251025_pl_bang_mo_ta_dcct_vat_ly-signed-4efbb06f.pdf,https://daa.uit.edu.vn/sites/daa/files/202510/qd2108_251025_pl_bang_mo_ta_dcct_vat_ly.signed.pdf
267,daa/quydinh_huongdan/quyche-dhqg-hcm/pdf/qd2108_251025_pl_bang_mo_ta_dcct_vat_ly.signed.pdf,https://daa.uit.edu.vn/sites/daa/files/202510/qd2108_251025_pl_bang_mo_ta_dcct_vat_ly.signed.pdf
268,daa/quydinh_huongdan/quyche-dhqg-hcm/pdf/qd2109_251025_pl_bang_mo_ta_dcct_hoa_hoc-signed-9324d6e3.pdf,https://daa.uit.edu.vn/sites/daa/files/202510/qd2109_251025_pl_bang_mo_ta_dcct_hoa_hoc.signed.pdf
269,daa/quydinh_huongdan/quyche-dhqg-hcm/pdf/qd2109_251025_pl_bang_mo_ta_dcct_hoa_hoc.signed.pdf,https://daa.uit.edu.vn/sites/daa/files/202510/qd2109_251025_pl_bang_mo_ta_dcct_hoa_hoc.signed.pdf
270,daa/quydinh_huongdan/quyche-dhqg-hcm/pdf/qd2110_251025_pl_bang_mo_ta_dcct_sinh_hoc-signed-7d2ead0c.pdf,https://daa.uit.edu.vn/sites/daa/files/202510/qd2110_251025_pl_bang_mo_ta_dcct_sinh_hoc.signed.pdf
271,daa/quydinh_huongdan/quyche-dhqg-hcm/pdf/qd2110_251025_pl_bang_mo_ta_dcct_sinh_hoc.signed.pdf,https://daa.uit.edu.vn/sites/daa/files/202510/qd2110_251025_pl_bang_mo_ta_dcct_sinh_hoc.signed.pdf
272,daa/quydinh_huongdan/quyche-bogddt/pdf/2101_qd_bgddt_sua_doi_chuan_chuong_trinh_dao_tao_ve_vi_mach_ban_dan-3a33249f.pdf,https://daa.uit.edu.vn/sites/daa/files/202510/2101_qd_bgddt_sua_doi_chuan_chuong_trinh_dao_tao_ve_vi_mach_ban_dan.pdf
273,daa/quydinh_huongdan/quyche-bogddt/pdf/2101_qd_bgddt_sua_doi_chuan_chuong_trinh_dao_tao_ve_vi_mach_ban_dan.pdf,https://daa.uit.edu.vn/sites/daa/files/202510/2101_qd_bgddt_sua_doi_chuan_chuong_trinh_dao_tao_ve_vi_mach_ban_dan.pdf
274,daa/quydinh_huongdan/quyche-bogddt/pdf/thong_tu_06-2026_quy_che_tuyen_sinh_dh_cd_nganh_gdmn_nam_2026-37ddd68d.pdf,https://daa.uit.edu.vn/sites/daa/files/202603/thong_tu_06-2026_quy_che_tuyen_sinh_dh_cd_nganh_gdmn_nam_2026.pdf
275,daa/quydinh_huongdan/qui-che-qui-dinh-qui-trinh/03-quyet-dinh-ve-viec-ban-hanh-quy-che-van-bang-chung-chi/133-qd-dhcntt_17-02-2025_cap_nhat_bo_sung_mau_plvb_tot_nghiep_dh_ths.pdf,https://daa.uit.edu.vn/sites/daa/files/202502/133-qd-dhcntt_17-02-2025_cap_nhat_bo_sung_mau_plvb_tot_nghiep_dh_ths.pdf
276,daa/quydinh_huongdan/huong-dan-sinh-vien/36-quy-dinh-ve-do-an-tot-nghiep/277-qd-dhcntt_21-03-2025.pdf,https://daa.uit.edu.vn/sites/daa/files/202504/277-qd-dhcntt_21-03-2025.pdf
277,daa/quydinh_huongdan/qui-che-qui-dinh-qui-trinh/35-quy-trinh-cong-nhan-tin-chi-trong-dao-t-c2519f05/412-qd-dhcntt_27-03-2025_quy_trinh_cong_nhan_tin_chi_trong_dao_tao_dai_hoc-e2ac2316.pdf,https://daa.uit.edu.vn/sites/daa/files/202503/412-qd-dhcntt_27-03-2025_quy_trinh_cong_nhan_tin_chi_trong_dao_tao_dai_hoc.pdf
278,daa/quydinh_huongdan/qui-che-qui-dinh-qui-trinh/35-quy-trinh-cong-nhan-tin-chi-trong-dao-tao-dai-hoc-cua-truong-dai-hoc-cong-nghe-thong-tin/412-qd-dhcntt_27-03-2025_quy_trinh_cong_nhan_tin_chi_trong_dao_tao_dai_hoc.pdf,https://daa.uit.edu.vn/sites/daa/files/202503/412-qd-dhcntt_27-03-2025_quy_trinh_cong_nhan_tin_chi_trong_dao_tao_dai_hoc.pdf
279,daa/quydinh_huongdan/quy-trinh-sinh-vien/pdf/412-qd-dhcntt_27-03-2025_quy_trinh_cong_nhan_tin_chi_trong_dao_tao_dai_hoc-e2ac2316.pdf,https://daa.uit.edu.vn/sites/daa/files/202503/412-qd-dhcntt_27-03-2025_quy_trinh_cong_nhan_tin_chi_trong_dao_tao_dai_hoc.pdf
280,daa/quydinh_huongdan/qui-che-qui-dinh-qui-trinh/35-quy-trinh-cong-nhan-tin-chi-trong-dao-t-c2519f05/mau_don-f417d1db.pdf,https://daa.uit.edu.vn/sites/daa/files/202503/mau_don.pdf
281,daa/quydinh_huongdan/qui-che-qui-dinh-qui-trinh/35-quy-trinh-cong-nhan-tin-chi-trong-dao-tao-dai-hoc-cua-truong-dai-hoc-cong-nghe-thong-tin/mau_don.pdf,https://daa.uit.edu.vn/sites/daa/files/202503/mau_don.pdf
282,daa/quydinh_huongdan/qui-che-qui-dinh-qui-trinh/37-ban-hanh-quy-dinh-to-chuc-quan-ly-chuon-b6280cc4/451-qd-dhcntt_10-04-2025-f93dc2aa.pdf,https://daa.uit.edu.vn/sites/daa/files/202504/451-qd-dhcntt_10-04-2025.pdf
283,daa/quydinh_huongdan/qui-che-qui-dinh-qui-trinh/37-ban-hanh-quy-dinh-to-chuc-quan-ly-chuong-trinh-lien-ket-dao-tao-voi-nuoc-ngoai-trinh-do-dai-hoc-tai-truong-dhcntt/451-qd-dhcntt_10-04-2025.pdf,https://daa.uit.edu.vn/sites/daa/files/202504/451-qd-dhcntt_10-04-2025.pdf
284,daa/chuongtrinh_daotao/dean/5-truyen-thong-da-phuong-tien-cong-thong-7c311363/pdf/491-qd-dhcntt_21-04-2025_mo_dao_tao_nganh_truyen_thong_da_phuong_tien-f6c586b0.pdf,https://daa.uit.edu.vn/sites/daa/files/202504/491-qd-dhcntt_21-04-2025_mo_dao_tao_nganh_truyen_thong_da_phuong_tien.pdf
285,daa/chuongtrinh_daotao/he-chinhquy/dean/5-truyen-thong-a-phuong-tien-cong-thong-tin-ao-tao/pdf/491-qd-dhcntt_21-04-2025_mo_dao_tao_nganh_truyen_thong_da_phuong_tien.pdf,https://daa.uit.edu.vn/sites/daa/files/202504/491-qd-dhcntt_21-04-2025_mo_dao_tao_nganh_truyen_thong_da_phuong_tien.pdf
286,daa/chuongtrinh_daotao/dean/5-truyen-thong-da-phuong-tien-cong-thong-7c311363/pdf/de_an-ad2c831c.pdf,https://daa.uit.edu.vn/sites/daa/files/202504/de_an.pdf
287,daa/chuongtrinh_daotao/he-chinhquy/dean/5-truyen-thong-a-phuong-tien-cong-thong-tin-ao-tao/pdf/de_an.pdf,https://daa.uit.edu.vn/sites/daa/files/202504/de_an.pdf
288,daa/chuongtrinh_daotao/he-chinhquy/dean/9-thiet-ke-vi-mach-cong-thong-tin-ao-tao/pdf/de_an_mo_nganh_nganh_thiet_ke_vi_mach_uit.pdf,https://daa.uit.edu.vn/sites/daa/files/202504/de_an.pdf
289,daa/quydinh_huongdan/quyche-bogddt/pdf/1314-qd-bgddt_13-05-2025_ban_hanh_chuan_ctdt_ve_vi_mach_ban_dan_trinh_do_dh_ths-13a742c9.pdf,https://daa.uit.edu.vn/sites/daa/files/202505/1314-qd-bgddt_13-05-2025_ban_hanh_chuan_ctdt_ve_vi_mach_ban_dan_trinh_do_dh_ths.pdf
290,daa/quydinh_huongdan/quyche-bogddt/pdf/1314-qd-bgddt_13-05-2025_ban_hanh_chuan_ctdt_ve_vi_mach_ban_dan_trinh_do_dh_ths.pdf,https://daa.uit.edu.vn/sites/daa/files/202505/1314-qd-bgddt_13-05-2025_ban_hanh_chuan_ctdt_ve_vi_mach_ban_dan_trinh_do_dh_ths.pdf
291,daa/quydinh_huongdan/quyche-bogddt/pdf/07-bgd-signed-1_quy_dinh_lien_ket_dao_tao_giua_co_so_gdvn_va_co_so_gdnn-6304d2c7.pdf,https://daa.uit.edu.vn/sites/daa/files/202506/07-bgd.signed-1_quy_dinh_lien_ket_dao_tao_giua_co_so_gdvn_va_co_so_gdnn.pdf
292,daa/quydinh_huongdan/quyche-bogddt/pdf/07-bgd.signed-1_quy_dinh_lien_ket_dao_tao_giua_co_so_gdvn_va_co_so_gdnn.pdf,https://daa.uit.edu.vn/sites/daa/files/202506/07-bgd.signed-1_quy_dinh_lien_ket_dao_tao_giua_co_so_gdvn_va_co_so_gdnn.pdf
293,daa/quydinh_huongdan/quyche-bogddt/pdf/124-cp-signed_quy_dinh_hop_tac_dau_tu_voi_nuoc_ngoai_trong_linh_vuc_giao_duc-33411a43.pdf,https://daa.uit.edu.vn/sites/daa/files/202506/124-cp.signed_quy_dinh_hop_tac_dau_tu_voi_nuoc_ngoai_trong_linh_vuc_giao_duc.pdf
294,daa/quydinh_huongdan/quyche-bogddt/pdf/124-cp.signed_quy_dinh_hop_tac_dau_tu_voi_nuoc_ngoai_trong_linh_vuc_giao_duc.pdf,https://daa.uit.edu.vn/sites/daa/files/202506/124-cp.signed_quy_dinh_hop_tac_dau_tu_voi_nuoc_ngoai_trong_linh_vuc_giao_duc.pdf
295,daa/quydinh_huongdan/quyche-bogddt/pdf/08-2025-tt-bgddt_quy_dinh_thoi_han_luu_tru_ho_so_tai_lieu_thuoc_linh_vuc_gddt-c7f537e3.pdf,https://daa.uit.edu.vn/sites/daa/files/202505/08.2025-tt-bgddt_quy_dinh_thoi_han_luu_tru_ho_so_tai_lieu_thuoc_linh_vuc_gddt.pdf
296,daa/quydinh_huongdan/quyche-bogddt/pdf/08.2025-tt-bgddt_quy_dinh_thoi_han_luu_tru_ho_so_tai_lieu_thuoc_linh_vuc_gddt.pdf,https://daa.uit.edu.vn/sites/daa/files/202505/08.2025-tt-bgddt_quy_dinh_thoi_han_luu_tru_ho_so_tai_lieu_thuoc_linh_vuc_gddt.pdf
297,daa/chuongtrinh_daotao/dean/3-lien-ket-dao-tao-voi-nuoc-ngoai-giua-tr-a004ef98/pdf/795_qd_dhqg_phe_duyet_lien_ket_dao_tao_voi_nuoc_ngoai_giua_truong_dh_cntt_va_truong-65b48241.pdf,https://daa.uit.edu.vn/sites/daa/files/202506/795_qd_dhqg_phe_duyet_lien_ket_dao_tao_voi_nuoc_ngoai_giua_truong_dh_cntt_va_truong_dh_newcastle.pdf
298,daa/chuongtrinh_daotao/he-chinhquy/dean/3-lien-ket-ao-tao-voi-nuoc-ngoai-giua-truong-ai-hoc-cong-nghe-thong-tin-va-truong-ai-hoc-newcastle-con/pdf/795_qd_dhqg_phe_duyet_lien_ket_dao_tao_voi_nuoc_ngoai_giua_truong_dh_cntt_va_truong_dh_newcastle.pdf,https://daa.uit.edu.vn/sites/daa/files/202506/795_qd_dhqg_phe_duyet_lien_ket_dao_tao_voi_nuoc_ngoai_giua_truong_dh_cntt_va_truong_dh_newcastle.pdf
299,daa/khac/chua-phan-loai/pdf/de_an_song_nganh_thuong_mai_dien_tu.pdf,https://daa.uit.edu.vn/sites/daa/files/202412/de_an_song_nganh_thuong_mai_dien_tu.pdf
300,daa/quydinh_huongdan/huong-dan-sinh-vien/38-quy-trinh-xu-ly-hoc-vu-sinh-vien-dai-hoc-chinh-quy/803-qd-dhcntt_11-07-2025_quy_trinh_xlhv.pdf,https://daa.uit.edu.vn/sites/daa/files/202507/803-qd-dhcntt_11-07-2025_quy_trinh_xlhv.pdf
301,daa/quydinh_huongdan/quyche-dhqg-hcm/pdf/qd2130_ban_hanh_quy_dinh_cong_nhan_tin_chi_cap_thpt-signed-e61cc61d.pdf,https://daa.uit.edu.vn/sites/daa/files/202510/qd2130_ban_hanh_quy_dinh_cong_nhan_tin_chi_cap_thpt.signed.pdf
302,daa/quydinh_huongdan/quyche-dhqg-hcm/pdf/qd2130_ban_hanh_quy_dinh_cong_nhan_tin_chi_cap_thpt.signed.pdf,https://daa.uit.edu.vn/sites/daa/files/202510/qd2130_ban_hanh_quy_dinh_cong_nhan_tin_chi_cap_thpt.signed.pdf
303,daa/quydinh_huongdan/qui-che-qui-dinh-qui-trinh/15-qui-dinh-ve-giang-vien-giang-vien-va-tr-8abb5566/975-qd-dhcntt_20-8-2025-2e6f254c.pdf,https://daa.uit.edu.vn/sites/daa/files/202508/975-qd-dhcntt_20-8-2025.pdf
304,daa/quydinh_huongdan/qui-che-qui-dinh-qui-trinh/15-qui-dinh-ve-giang-vien-giang-vien-va-tro-giang-mon-hoc/975-qd-dhcntt_20-8-2025.pdf,https://daa.uit.edu.vn/sites/daa/files/202508/975-qd-dhcntt_20-8-2025.pdf
305,daa/quydinh_huongdan/qui-che-qui-dinh-qui-trinh/04-quyet-dinh-ve-viec-ban-hanh-quy-dinh-ve-1d49b9ab/1032-qd-dhcntt_3-9-2025_quy_dinh_dao_tao_chuong_trinh_tai_nang-c4cc3577.pdf,https://daa.uit.edu.vn/sites/daa/files/202512/1032-qd-dhcntt_3-9-2025_quy_dinh_dao_tao_chuong_trinh_tai_nang.pdf
306,daa/quydinh_huongdan/quyche-bogddt/pdf/2627-qd-bgddtsigned-1-stamped_ban_hanh_chuan_ctdt_ky_su_thac_si_tai_nang_linh_vuc_s-18aeced3.pdf,https://daa.uit.edu.vn/sites/daa/files/202509/2627-qd-bgddtsigned-1.stamped_ban_hanh_chuan_ctdt_ky_su_thac_si_tai_nang_linh_vuc_stem.pdf
307,daa/quydinh_huongdan/quyche-bogddt/pdf/2627-qd-bgddtsigned-1.stamped_ban_hanh_chuan_ctdt_ky_su_thac_si_tai_nang_linh_vuc_stem.pdf,https://daa.uit.edu.vn/sites/daa/files/202509/2627-qd-bgddtsigned-1.stamped_ban_hanh_chuan_ctdt_ky_su_thac_si_tai_nang_linh_vuc_stem.pdf
308,daa/quydinh_huongdan/quyche-dhqg-hcm/pdf/qd2062_221025_quy_dinh_khoi_hp_cong_nhanchuyen_doi_tin_chi-signed-783b8736.pdf,https://daa.uit.edu.vn/sites/daa/files/202510/qd2062_221025_quy_dinh_khoi_hp_cong_nhanchuyen_doi_tin_chi.signed.pdf
309,daa/quydinh_huongdan/quyche-dhqg-hcm/pdf/qd2062_221025_quy_dinh_khoi_hp_cong_nhanchuyen_doi_tin_chi.signed.pdf,https://daa.uit.edu.vn/sites/daa/files/202510/qd2062_221025_quy_dinh_khoi_hp_cong_nhanchuyen_doi_tin_chi.signed.pdf
310,daa/quydinh_huongdan/qui-che-qui-dinh-qui-trinh/20-quy-dinh-chuong-trinh-tien-tien/1451-qd-dhcntt_26-11-2025_quy_dinh_dao_tao_chuong_trinh_tien_tien-2b908126.pdf,https://daa.uit.edu.vn/sites/daa/files/202512/1451-qd-dhcntt_26-11-2025_quy_dinh_dao_tao_chuong_trinh_tien_tien.pdf
311,daa/quydinh_huongdan/quyche-bogddt/pdf/2026_37_125_2025_qh15_luat_giao_duc_dai_hoc-b131a585.pdf,https://daa.uit.edu.vn/sites/daa/files/202603/2026_37_125_2025_qh15_luat_giao_duc_dai_hoc.pdf
312,daa/quydinh_huongdan/quyche-dhqg-hcm/pdf/200_bb_dhqg_29_01_2026_hop_ve_cong_tac_dao_tao_trinh_do_dai_hoc_tai_dhqg-a44f66bd.pdf,https://daa.uit.edu.vn/sites/daa/files/202601/200_bb_dhqg_29_01_2026_hop_ve_cong_tac_dao_tao_trinh_do_dai_hoc_tai_dhqg.pdf
313,daa/thongbao/thongbao-chinhquy/pdf/135-qd-dhcntt_10-02-2026_quy_dinh_ve_to_chuc_thi_tren_may_tinh_0-bc12f360.pdf,https://daa.uit.edu.vn/sites/daa/files/202602/135-qd-dhcntt_10-02-2026_quy_dinh_ve_to_chuc_thi_tren_may_tinh_0.pdf
314,daa/quydinh_huongdan/qui-che-qui-dinh-qui-trinh/21-huong-dan-thang-phan-loai-nhan-thuc-ky-nang-thai-do-su-dung-tai-truong-dai-hoc-cong-nghe-thong-tin/123-qd-dhcntt_ban_hanh_huong_dan_thang_phan_loai_nhan_thuc_ky_nang_thai_do.pdf,https://daa.uit.edu.vn/sites/daa/files/202309/123-qd-dhcntt_ban_hanh_huong_dan_thang_phan_loai_nhan_thuc_ky_nang_thai_do.pdf
315,daa/quydinh_huongdan/qui-che-qui-dinh-qui-trinh/30-huong-dan-chuyen-doi-he-thong-tin-chi-s-6d0c4915/01-hd-dhcntt_huong_dan_ects-6789a08e.pdf,https://daa.uit.edu.vn/sites/daa/files/202406/01-hd-dhcntt_huong_dan_ects.pdf
316,daa/quydinh_huongdan/qui-che-qui-dinh-qui-trinh/30-huong-dan-chuyen-doi-he-thong-tin-chi-sang-he-thong-tich-luy-va-chuyen-doi-tin-chi-cua-chau-au/01-hd-dhcntt_huong_dan_ects.pdf,https://daa.uit.edu.vn/sites/daa/files/202406/01-hd-dhcntt_huong_dan_ects.pdf
317,daa/quydinh_huongdan/quyche-dhqg-hcm/pdf/357_336_qd_dhqg30_3_2026_ioc_ve_viec_phan_cap_phan_quyen_trong_cong_tac_dao_tao-c417b707.pdf,https://daa.uit.edu.vn/sites/daa/files/202604/357_336_qd_dhqg30_3_2026_ioc_ve_viec_phan_cap_phan_quyen_trong_cong_tac_dao_tao.pdf
318,daa/quydinh_huongdan/quyche-bogddt/pdf/418_26_2026_tt_bgddt09_4_2026_ioc_quy_dinh_chuan_nghe_nghiep_giang_vien_dai_hoc-59ae42fb.pdf,https://daa.uit.edu.vn/sites/daa/files/202604/418_26_2026_tt_bgddt09_4_2026_ioc_quy_dinh_chuan_nghe_nghiep_giang_vien_dai_hoc.pdf
